Age,Years_at_Company,Satisfaction_Level,Average_Monthly_Hours,Promotion_Last_5Years,Salary,Attrition,Gender_encoded,Department_encoded,Job_Title_encoded
27,9,0.5862512562476163,151,0,60132,0,0,0,0
53,10,0.2611608894502527,221,1,79947,0,1,1,1
59,8,0.3043817175126141,184,0,46958,1,1,0,2
42,1,0.4807788698060304,242,0,40662,0,1,2,0
44,10,0.6362438875959893,229,1,74307,0,1,1,1
47,10,0.8890176690263424,237,0,97212,0,0,1,3
58,5,0.6889765787941906,155,1,97865,0,0,0,3
57,8,0.9816786912170572,171,0,50113,0,1,1,2
34,6,0.010380901722245,177,1,88747,1,1,3,4
57,7,0.4667823596824307,170,0,43283,0,1,0,1
57,5,0.3626250696783515,178,1,82510,1,1,4,3
50,3,0.177106991916612,158,0,55665,0,0,0,4
44,1,0.2342370590462392,180,0,57951,1,0,4,1
39,7,0.2271984799512277,249,1,31886,1,1,0,2
57,9,0.8222120732860275,242,0,40548,1,0,3,0
41,10,0.5834543121833854,199,1,39979,0,0,2,4
29,5,0.4011926780788498,222,0,31340,1,0,3,4
28,9,0.5187154765048624,169,1,79639,0,0,3,4
27,8,0.8482168664314631,193,1,50307,0,0,2,0
45,5,0.5232801758648524,154,1,99568,1,1,4,0
27,10,0.0985981855870322,211,1,89409,1,1,3,0
45,4,0.6455399096929486,172,0,94005,0,0,2,3
32,9,0.6532311017656622,191,0,63445,1,1,2,2
53,9,0.6232736072503224,216,1,99093,0,0,0,3
58,4,0.921873191428868,160,1,95910,0,1,1,0
46,9,0.2122397241251595,162,1,80913,1,1,0,1
55,6,0.9974983056464304,224,1,59231,0,1,1,2
52,6,0.0684118319159797,156,0,68979,0,1,3,3
59,8,0.7794191135416246,183,1,65901,0,1,0,4
58,3,0.6147826229331329,194,1,85496,1,0,3,2
37,6,0.791576766925783,191,1,91627,1,0,2,2
28,10,0.3549899515460142,203,1,91703,1,1,0,2
30,8,0.9972321903265292,237,1,51252,0,1,4,3
25,1,0.1260031315839109,172,1,63757,1,0,2,4
36,6,0.637980114052539,154,0,84288,1,1,4,4
59,7,0.9634812500143196,212,0,86371,0,0,4,3
35,3,0.629359923471385,220,0,59546,0,0,1,2
47,5,0.5478731972934493,247,1,80887,0,0,4,4
38,9,0.4250006964690613,247,0,52658,1,0,0,3
43,5,0.6735533011395514,201,0,70977,0,0,3,4
40,10,0.8142447004066163,222,0,40055,0,1,4,2
52,6,0.4215038668673729,161,1,99265,0,0,1,3
55,7,0.9900196957951592,162,0,33670,1,0,4,3
31,7,0.4564732871729066,214,0,85764,1,1,3,3
51,3,0.2837823264347497,226,1,87567,1,1,0,1
41,1,0.5976970764932226,153,1,44786,1,0,4,4
31,7,0.0688672036680544,186,1,69612,0,0,2,4
39,1,0.1986410461527854,177,1,45124,0,1,3,0
36,8,0.3220177285836241,200,0,38871,0,1,4,4
32,5,0.7923001867988667,217,0,34599,1,1,3,3
26,5,0.1855352600528069,228,1,61224,0,1,3,3
50,7,0.6146705651653954,223,0,31506,0,0,3,3
45,3,0.982855143497688,209,0,57428,1,0,3,3
37,8,0.750597549458096,233,1,34834,1,1,1,0
43,2,0.4754604664455235,229,1,56938,1,0,1,4
42,6,0.8121612517693029,249,1,62841,1,0,1,4
26,4,0.1207844352141432,238,0,56230,1,1,3,1
52,5,0.5888936453962129,236,0,98061,0,0,0,4
47,9,0.3802924948041679,173,1,34647,0,0,2,1
28,10,0.908369402889997,196,1,30269,1,1,1,2
28,5,0.3105680892742234,195,0,41737,1,1,3,3
36,8,0.6884839803327588,160,1,71087,0,0,1,4
46,9,0.2329872462769809,214,1,50921,0,1,2,1
50,8,0.7533324155402383,214,1,89560,1,0,1,4
59,6,0.9788778921567572,220,1,59060,0,0,3,4
28,6,0.4635655413211493,165,0,46658,0,0,1,2
36,9,0.887494139095514,245,0,82313,1,1,0,4
28,8,0.3493494556603072,202,1,91589,1,0,3,2
55,3,0.3840634190592947,212,1,48184,0,0,0,2
31,5,0.1149234302377638,165,0,58575,0,0,4,3
34,6,0.9399064112380012,168,0,80456,1,1,4,2
48,8,0.517683817968095,154,1,72928,0,0,4,1
39,5,0.4331143300314448,168,0,74105,0,0,2,1
44,7,0.0679474523347238,185,0,43038,0,0,1,2
31,8,0.0744384184792443,225,1,50000,1,0,1,0
37,8,0.2880329109565633,226,0,49824,0,1,3,2
52,6,0.8547456473639652,184,0,67588,1,0,0,0
42,2,0.9419529770864274,178,1,30821,0,1,0,4
35,4,0.7129372727018383,190,1,99801,1,0,3,0
26,6,0.8667742741785324,218,1,48520,0,0,4,1
41,8,0.8013461562458192,227,1,69674,0,1,0,1
30,3,0.9759798861063104,192,1,66952,1,0,1,2
47,5,0.3984517643541418,153,1,97606,1,1,2,0
40,3,0.8301814091146785,167,1,59532,1,0,0,2
50,1,0.9164436095186694,173,1,97663,0,1,1,2
25,1,0.8070531852055509,204,1,71807,0,0,4,2
54,1,0.8616317688824431,218,0,90011,0,1,2,2
26,10,0.0013764983438844,157,1,91398,0,0,4,1
44,8,0.7113761826437848,163,1,64897,1,1,1,4
29,7,0.4270432429444565,237,0,78600,0,1,4,1
55,3,0.2238283761976296,196,0,74424,1,1,3,1
32,6,0.8732228709264533,238,1,40798,0,0,1,1
54,10,0.4885662066604654,158,1,63948,1,1,4,3
26,1,0.0083909121579306,214,1,52415,0,0,3,2
37,6,0.1787610264156853,211,0,38085,0,0,3,2
28,1,0.1291815753081449,200,1,32082,1,1,4,3
32,5,0.9031597113004118,176,0,58364,0,0,4,4
49,5,0.7229597427567956,194,1,40742,0,0,3,1
31,2,0.4489629871717319,201,0,84407,0,0,1,0
38,5,0.3412185341167113,225,1,76806,1,1,1,2
53,4,0.006573661720984,150,1,81919,1,0,4,0
45,10,0.2854002730521404,165,1,70060,0,0,2,1
57,4,0.6625437194169094,244,1,99321,0,1,0,0
49,7,0.7042036468911899,187,0,93226,1,1,4,2
38,8,0.811996955812486,161,1,81389,1,0,3,1
33,7,0.4264524724420461,209,1,38495,0,1,2,2
39,2,0.7920330007370426,207,1,70941,0,1,2,1
31,6,0.8772395539982745,182,0,99476,1,0,0,1
26,2,0.0767775330836085,211,1,49523,0,0,0,4
55,2,0.0668990015107122,244,0,60676,1,0,2,1
31,4,0.9360951479087892,209,0,73359,0,1,1,4
35,1,0.2610644259210312,154,1,51013,1,0,3,1
37,3,0.4928804602510895,224,1,31553,1,0,4,2
37,1,0.0191842543068638,201,0,65356,1,1,2,3
50,5,0.3385658495620338,160,0,99328,0,0,0,1
32,10,0.4676564847461099,189,0,47802,0,0,0,4
38,2,0.3768908906209544,222,1,45532,1,1,0,2
26,6,0.0507593323184546,226,1,97181,0,1,2,1
39,6,0.6890821940573552,169,0,35521,0,0,0,3
48,4,0.7517409791142201,239,1,98429,1,1,1,1
58,4,0.9485216582843012,199,0,93166,1,0,1,3
28,10,0.5244977051345444,246,0,54477,0,1,3,2
42,3,0.0392812692725437,207,0,40012,1,0,3,1
49,9,0.1270735768470797,178,1,37543,0,1,1,3
48,7,0.8895685676398605,184,0,87607,0,1,2,0
30,2,0.8783340929817791,232,0,97217,0,1,3,1
58,2,0.8654682799925634,218,0,52961,0,1,3,1
27,5,0.2309574950974338,154,1,38532,0,0,2,3
43,10,0.0725329921472728,235,0,80112,0,0,3,3
43,9,0.160936631676983,154,0,74736,0,0,4,2
52,7,0.38112151333694,218,0,35031,1,0,4,3
34,9,0.687645876345314,165,1,61668,1,1,1,0
42,5,0.6767017400613994,210,0,58508,1,1,4,0
28,9,0.6926309648604936,201,0,62378,1,1,4,2
36,8,0.4173950950837386,161,0,73980,0,1,2,2
51,3,0.3023636190219053,240,0,78603,1,0,3,3
53,5,0.6717440322109104,245,0,45278,0,0,1,2
36,5,0.9565821980714276,238,1,50064,1,0,0,0
35,1,0.6772484897936986,247,0,92394,0,1,0,3
28,6,0.6106453354258036,200,1,40991,0,1,2,4
48,8,0.5134980096275745,194,1,76164,0,1,1,0
50,6,0.7898978722441387,238,1,37833,1,0,4,1
52,5,0.7724070601221441,156,0,90927,0,1,4,0
28,6,0.5649615759251972,190,1,86897,1,1,0,2
39,9,0.0910879874587776,175,1,85229,1,1,4,3
46,10,0.4816047670592061,202,0,35793,0,0,1,0
48,5,0.6934832111730455,241,1,57650,1,0,4,1
48,7,0.0333534333975008,199,0,70990,0,0,0,2
29,1,0.3961343284493179,217,1,79792,0,0,4,1
30,8,0.0921735546792628,203,0,81499,1,0,1,2
34,4,0.1227164388223442,243,1,81233,0,0,1,1
27,3,0.812001780963352,249,0,39563,0,1,4,1
58,4,0.6911079115191758,181,0,36755,1,0,3,4
30,4,0.6701890034215886,200,1,81470,1,1,2,0
34,7,0.955453058641222,243,1,40127,1,1,1,1
40,6,0.6160906716553524,159,1,78348,1,1,1,0
53,6,0.8483024809768728,211,1,94455,1,1,0,3
27,2,0.3771194813590839,240,1,83240,0,1,3,1
35,7,0.1705864778820386,215,0,54977,1,1,0,1
28,7,0.6362805983362078,167,0,54598,1,0,0,3
28,9,0.8042511218402405,249,0,81682,0,1,0,0
48,5,0.1499618455020596,225,1,58653,1,1,3,0
52,5,0.2983969567207734,187,1,53838,1,1,0,0
59,10,0.336936894902293,206,0,79759,0,1,4,1
48,6,0.836430635675045,151,1,34808,1,1,1,2
46,4,0.0231538689385493,200,0,88563,1,0,2,4
50,8,0.7774639950536905,190,1,83237,0,0,2,4
42,1,0.2858066344700497,156,1,31256,1,0,3,4
27,3,0.2367118910950432,232,1,83418,0,1,3,1
35,6,0.5399373919283296,165,0,43951,1,1,2,3
33,8,0.3038693829291294,190,0,63891,1,1,4,1
57,3,0.7764093193819304,162,0,94226,1,1,1,4
50,8,0.7702804181721487,188,0,89030,0,1,4,1
28,3,0.3596794915283456,243,0,57604,0,0,2,0
26,3,0.7481948363457636,163,0,63395,1,1,2,3
32,6,0.2755445558528386,236,0,65494,1,1,1,3
31,6,0.4642991998299196,225,0,82445,0,1,1,2
58,7,0.8295769203155995,171,1,75352,1,0,3,0
43,6,0.3054174448214515,156,0,78972,1,1,3,4
53,3,0.1303839648932181,218,1,62533,0,0,4,2
30,10,0.1407175901204318,212,0,33221,1,0,2,1
34,10,0.1637995479163777,215,1,73460,1,1,4,2
29,9,0.4082177367657461,224,1,42799,1,1,3,4
48,3,0.5273314264733606,200,1,44626,1,0,0,4
46,4,0.745609677877397,237,0,50467,0,1,1,3
50,9,0.1354301255029251,242,1,62104,0,0,2,3
53,9,0.894421224648257,245,0,33232,1,1,2,0
44,9,0.9247997270894902,169,0,60624,1,1,0,0
42,1,0.7602764525770406,192,1,39672,1,1,2,2
39,4,0.3061616713893539,184,0,80067,0,1,2,0
39,7,0.2396089157509672,153,0,46544,0,0,0,3
48,10,0.3230523853706029,190,0,69385,0,0,3,0
53,1,0.753165520167058,242,0,56338,0,0,1,0
41,8,0.4853894200641894,177,1,51112,0,1,3,3
49,4,0.8478203140054437,168,0,40223,1,0,0,0
40,10,0.0813347039976083,186,0,32762,0,1,4,1
41,9,0.9050240368752758,178,0,48449,0,0,1,3
45,7,0.3535684286362508,188,1,65708,0,1,4,1
51,6,0.6142016087040615,243,0,55484,0,0,2,3
29,9,0.1852126533590471,219,1,95558,1,1,1,1
46,9,0.0375936192855995,171,0,81643,1,0,4,2
57,10,0.2148940840112981,171,0,79587,1,0,4,3
26,5,0.4153439815008105,169,1,83416,1,1,4,0
59,8,0.0137141317169722,165,0,87098,1,1,2,4
43,4,0.982782485480021,213,0,46780,0,0,1,1
51,3,0.189753019799455,186,1,71794,0,0,3,3
26,5,0.870157068943182,168,0,30773,0,1,2,1
42,4,0.7224404540139828,169,1,43764,0,0,1,2
47,8,0.755911845876967,210,1,88219,0,0,4,1
50,8,0.6066135893872816,160,1,72592,0,0,0,2
35,3,0.8827206930170112,245,0,85608,0,1,0,2
25,4,0.6296221200264839,186,0,65583,0,0,2,0
44,8,0.2385849578117387,223,0,91789,0,1,3,1
55,6,0.0535917321415621,153,1,99859,0,1,3,4
32,1,0.9485523536324708,242,0,60286,1,1,1,3
48,8,0.6294121375464287,219,0,53324,0,0,0,2
44,4,0.1758740923768769,151,0,76479,0,1,4,0
39,2,0.009966415273378,217,1,80791,1,1,3,1
54,9,0.3139374508363791,239,1,83385,0,1,3,4
44,3,0.5606912803950348,172,1,76642,0,1,0,2
26,6,0.3066678685829709,228,1,91402,1,1,4,3
30,6,0.4791137622140829,166,1,85225,0,1,1,1
42,4,0.0286091280545891,185,0,54559,1,1,1,1
38,8,0.5406084474308369,150,1,99113,0,0,1,1
50,7,0.5472466017655955,231,0,32849,1,1,1,0
58,6,0.760693108569961,169,0,78975,1,0,0,2
54,5,0.8744153954319644,195,1,77459,0,1,1,3
31,1,0.2703892784035099,193,0,88083,0,1,0,3
54,4,0.9695331391617458,212,0,66740,1,1,3,4
42,1,0.1770437506495654,202,1,73275,1,1,0,0
46,10,0.4778966129509253,248,0,50184,0,1,2,0
41,6,0.7803496805113143,172,1,80830,1,0,2,4
55,9,0.8737838998746374,188,0,53625,1,0,3,2
41,2,0.1082830588606466,160,1,55262,0,1,4,0
55,9,0.041657479635724,225,0,30935,0,1,2,0
37,5,0.9252881300669152,229,1,54878,1,1,0,4
51,5,0.6519447501915246,224,1,56322,1,0,3,1
44,4,0.8356135046986773,150,1,99851,1,1,4,1
41,5,0.7467441907538663,232,0,75106,0,1,2,3
53,9,0.725742444705897,202,0,88135,1,1,4,4
59,9,0.4221404816997965,165,1,71466,0,0,1,1
32,2,0.7049426007682,150,1,43102,1,1,1,1
39,6,0.1240883166761549,166,0,61580,1,0,1,1
25,2,0.3884866429799543,206,1,96349,1,0,2,0
57,5,0.7351240744383988,158,0,84618,1,1,4,3
27,10,0.4248387397048062,236,1,68773,1,1,2,2
39,7,0.9857245189982288,164,0,39162,0,0,4,4
42,6,0.9246924977406284,204,1,66915,1,1,0,2
55,2,0.2770342583437836,220,1,34112,1,0,0,0
44,7,0.8822248592017625,213,1,97161,0,1,2,1
31,7,0.8242514718170053,167,1,91779,0,1,4,3
51,3,0.4703071038271061,200,0,87771,0,1,0,2
32,1,0.4200610152440176,216,0,94728,0,1,4,2
38,8,0.2353917856553419,171,0,45405,0,1,0,0
39,8,0.6011456744846184,211,1,64406,0,1,4,1
31,3,0.5847937428382267,219,1,55075,1,0,2,2
57,7,0.3327112394341184,241,1,69509,0,1,2,2
58,10,0.6326437957920109,202,0,31850,1,0,3,2
28,6,0.6626514178250861,151,0,47534,0,1,0,0
25,2,0.50317012254502,199,0,85996,1,0,1,4
38,4,0.8825120659749648,191,1,64345,0,0,3,1
55,8,0.7888324502262112,151,1,32954,1,0,1,3
44,4,0.065802620380285,174,1,64213,1,0,0,0
27,9,0.4617250577881855,159,0,88666,1,1,2,0
59,3,0.2117559825197309,159,0,71088,0,1,1,2
57,4,0.5445820847140584,186,0,43095,0,0,2,1
39,10,0.2130502992568314,207,0,61200,1,1,3,3
27,1,0.8910545559323334,210,0,96615,0,1,3,1
52,3,0.0522924194221243,249,0,69501,0,1,2,0
51,6,0.8325343132417162,195,0,38068,1,0,4,0
57,6,0.4103787013894439,181,0,30859,0,0,0,1
43,8,0.6063654346112507,166,1,54641,0,0,4,0
57,7,0.2602679150854744,178,1,98610,1,1,3,4
55,3,0.6027934107244243,181,1,86372,1,0,0,2
28,3,0.185515194861696,171,1,92828,0,1,4,1
56,7,0.806804516980408,187,0,97244,0,0,1,0
52,6,0.5964382479783219,184,1,88353,0,0,4,1
40,4,0.6486407194208894,211,1,54636,1,0,2,0
52,10,0.2646727531603636,192,0,73863,0,0,1,3
39,2,0.1678189549295002,185,0,35833,1,0,2,2
46,3,0.0369002855111018,226,0,70714,1,1,1,1
55,3,0.1667361819901796,170,1,42371,0,1,3,1
45,6,0.365983240298922,174,0,70764,0,0,0,1
56,9,0.9083533775861872,163,0,48165,1,0,1,1
31,9,0.7828370645474625,192,1,84159,1,0,3,3
57,10,0.2240019751170991,206,1,64584,1,1,3,0
32,2,0.020531869438875,242,0,46116,0,1,0,1
38,6,0.2344436523300886,237,1,47944,0,0,0,4
49,2,0.9017869230139792,176,1,73713,0,0,1,1
56,2,0.3246481106098788,187,0,69641,0,1,3,4
52,9,0.5629894058751663,169,0,75176,1,1,3,4
26,2,0.4768939879659861,233,1,67394,0,0,0,0
41,4,0.5383096563957095,226,1,57381,1,1,2,1
51,5,0.8942345965718732,248,1,37001,0,1,0,2
26,8,0.320226591672993,247,1,93742,0,1,2,0
32,3,0.555592856316026,169,0,36843,0,1,2,3
44,7,0.482527131469904,234,1,55467,0,0,4,4
45,2,0.6366619531589183,152,1,95571,1,1,2,1
50,5,0.7808650299950486,241,1,32747,0,1,0,4
55,2,0.276196630910939,215,0,46185,1,0,1,2
44,3,0.4205573808017767,246,0,38604,1,0,3,3
30,8,0.1762293065970128,155,1,85832,1,0,0,1
39,9,0.0308291472795025,170,1,56461,1,0,1,1
25,8,0.3433300669120942,233,0,59075,0,1,2,2
50,3,0.3043348914060151,162,0,76410,0,0,4,4
53,3,0.9640995577834895,246,0,71557,0,0,0,1
26,9,0.8943357833843707,206,0,85613,0,0,3,0
46,8,0.2451864562889136,151,0,81026,1,0,2,4
53,4,0.1084019326349473,197,1,81995,0,0,4,0
33,1,0.9534629425694724,211,1,55051,1,1,4,3
45,10,0.4331352166344249,239,1,46767,1,1,2,3
56,6,0.1910756691007566,236,0,43261,1,1,0,4
56,5,0.8423685430393906,185,1,93469,1,0,2,4
50,3,0.8457289042540396,216,0,93274,0,0,2,0
37,1,0.5573794477321943,174,0,52963,0,1,0,0
27,1,0.1081703549776673,225,1,71482,0,1,1,0
56,4,0.9818693901190808,206,0,58220,1,0,2,0
57,1,0.0060716846194112,154,0,92876,1,0,0,3
57,5,0.8161411940849057,201,1,46434,1,1,2,2
37,2,0.3839375789847993,228,0,39049,1,0,2,3
30,2,0.9545633316007254,213,0,93674,1,1,3,1
28,9,0.9628938462220566,248,0,87053,1,0,3,3
30,2,0.7716091452846329,181,0,34512,1,0,2,3
27,4,0.2867072008291332,238,0,59522,1,1,3,3
51,7,0.0231207394497554,241,0,88569,0,0,2,3
44,4,0.9905958525623222,208,1,94735,1,0,0,4
42,2,0.9070479126634954,152,1,58062,1,0,2,3
44,8,0.4717567000725837,186,1,52300,0,1,2,1
54,9,0.8066039730769589,156,1,89623,0,0,0,4
34,8,0.4296447968665909,167,0,77841,0,0,1,4
47,7,0.5155894686947047,207,0,89157,1,0,2,4
27,3,0.5022812095831239,164,1,79253,1,1,2,1
33,4,0.1755961736739834,176,0,49834,0,1,4,4
43,2,0.467445696090173,190,1,42699,0,1,0,3
51,2,0.4686906126889296,245,0,66868,1,1,1,2
52,10,0.904524710882748,178,0,42015,1,0,2,1
32,5,0.6762723023009716,227,0,35610,1,0,2,3
32,1,0.6211001594690516,216,0,31053,1,1,0,0
42,10,0.6740807360007953,167,0,90843,1,1,1,4
45,1,0.6012340088448226,207,1,65174,0,0,1,2
37,6,0.2154814453295584,195,0,51874,1,1,4,0
51,2,0.1168482366907943,156,1,50329,0,1,0,0
40,1,0.9206892504996232,151,0,60973,1,1,2,0
33,7,0.7680944937826767,246,1,69286,0,0,3,0
51,2,0.2450548574252506,221,0,73505,0,1,0,0
41,9,0.7516758257044254,157,0,92988,1,0,4,0
27,10,0.1785318270700687,150,1,91629,0,1,1,0
28,8,0.7388170621493996,241,0,73737,1,0,4,4
25,2,0.3928065964727961,153,0,34192,1,0,2,2
38,9,0.0079192482350217,178,1,37243,1,0,2,0
32,7,0.0706451087667084,196,0,78476,1,1,1,0
31,4,0.4721937125242693,155,0,72188,0,0,1,4
54,2,0.031009276234046,221,0,71440,1,1,2,4
49,2,0.3944613186036805,229,0,72062,0,0,3,4
40,9,0.3080310877764133,154,1,77656,0,1,1,0
35,10,0.1059952131800213,183,0,78975,0,1,0,2
49,7,0.4579359944378337,207,1,46454,1,1,4,4
57,5,0.1159791225964911,220,1,82219,0,1,4,2
45,10,0.1858628488385413,167,1,49610,1,0,0,4
34,1,0.9267072911908804,160,1,41420,1,0,1,1
33,7,0.4422202229750501,206,0,50645,1,0,3,2
25,1,0.6857796007574043,150,0,44412,0,0,3,0
58,3,0.965687511600168,225,1,50656,0,0,0,4
55,2,0.1376687659773717,192,1,45102,1,1,2,1
45,2,0.3641803114996725,156,0,96293,0,1,1,4
48,2,0.8458703937684675,155,1,34447,1,1,1,3
43,9,0.104432199275361,234,0,70513,1,1,2,1
45,7,0.6404883103374313,194,1,63571,1,1,2,1
49,1,0.8323388901767165,200,0,44560,1,0,2,1
44,5,0.1086991189042357,191,0,56613,0,0,4,3
50,2,0.8595326658902429,213,1,38562,0,1,0,1
31,10,0.7397303252435241,213,0,49301,0,1,3,4
27,7,0.5086834121006804,187,0,48784,1,1,4,3
32,8,0.9600163470478792,168,1,31815,1,1,3,4
54,10,0.5047448558901882,180,0,46467,0,1,1,3
35,9,0.7519549784918638,175,0,37004,1,0,1,1
32,5,0.9443566736458052,245,0,49158,0,1,1,3
41,6,0.0852094654419265,247,0,81385,1,0,4,0
32,9,0.1976383920397513,159,0,75317,1,1,1,1
54,10,0.9158851822653146,166,1,69252,1,0,3,1
40,7,0.9393843948205108,211,0,60839,1,0,3,4
28,4,0.3204255563386999,229,1,33966,0,0,2,0
45,7,0.9618660436759182,247,1,72481,0,0,1,2
58,2,0.4344810203202304,209,1,58506,1,0,3,1
59,10,0.1143675459848161,214,0,84131,0,0,1,1
37,1,0.3209913605991867,193,0,57200,1,1,0,0
51,3,0.3456180000989538,219,0,69582,1,1,4,2
32,5,0.4964679461867965,190,1,86091,0,0,0,2
53,5,0.2149843774850983,153,1,72604,0,0,2,1
40,4,0.1576528300781757,213,1,38056,0,1,0,3
29,8,0.2611470186530066,220,1,89766,1,1,1,3
34,7,0.8838541735805158,219,1,83069,0,1,3,4
39,6,0.0660869030508192,151,0,59173,1,0,4,4
45,6,0.54495817412352,243,1,62295,0,0,2,0
58,6,0.3553715265143388,158,0,32272,1,0,2,3
46,4,0.4373269286907989,220,1,40220,1,1,4,4
46,7,0.7216459569779543,184,1,65922,0,0,3,1
33,1,0.9674728333653362,205,1,45758,0,0,2,2
50,2,0.9492517718105457,214,0,37334,1,1,3,1
37,4,0.749325080379094,204,1,57260,1,1,2,2
42,7,0.2123107215564157,179,0,83920,1,0,3,4
25,4,0.2011488085849492,206,0,98845,1,1,1,0
47,2,0.2755257905064046,243,1,34669,0,0,2,0
57,2,0.7487456067446843,157,0,81252,1,1,0,2
55,3,0.3551576924077917,212,1,72256,0,1,2,4
45,10,0.2613088134643575,225,0,77244,1,1,3,2
47,2,0.4292845624566117,215,1,58627,1,1,4,1
40,4,0.0149018747818255,151,1,35798,1,0,4,0
51,10,0.6069549325828829,218,0,51421,0,1,3,4
38,1,0.4678078150259314,186,0,93822,0,0,1,1
31,6,0.9217207282618706,187,1,73509,0,0,0,2
36,5,0.363328238453482,167,1,98405,0,1,2,0
52,9,0.0286107309839149,197,1,45758,0,0,2,4
27,1,0.7231132927379438,215,0,47841,1,0,3,1
46,7,0.6075992168396995,188,1,35265,1,0,2,2
45,10,0.4597407277363399,155,0,99071,1,0,3,0
53,5,0.926643518279964,215,1,55071,1,1,3,3
44,10,0.5213643908031745,155,0,31472,1,1,3,1
27,1,0.2623096670985038,156,1,52874,1,0,4,3
51,5,0.9039652677068304,170,0,91705,1,1,2,0
45,7,0.4645542592188038,195,1,97650,0,0,4,0
57,7,0.7307939495019227,223,0,54467,1,0,3,0
54,4,0.467568223505663,175,1,63124,0,1,3,1
33,8,0.3736988418939307,171,1,76234,0,1,3,0
47,7,0.0266186381432422,182,1,33931,0,1,2,4
47,8,0.8001095367077115,196,1,51668,0,0,4,0
25,4,0.7015932931636033,194,0,80690,0,1,2,4
45,5,0.1128565684997724,195,1,66229,1,0,0,3
56,5,0.4992961742379752,213,0,64140,1,1,0,4
50,5,0.6569260520021919,225,0,50970,0,0,0,2
57,2,0.4817442364895683,161,0,60858,1,0,0,0
33,1,0.9164612637717304,249,1,48447,1,1,3,2
41,4,0.720447739749927,222,1,34152,1,0,4,4
30,8,0.0933647321850577,192,1,32182,0,0,1,2
31,4,0.8644199492712148,162,1,83201,1,0,1,2
31,5,0.5127939521802685,159,0,64659,0,0,0,1
29,9,0.8928211742691192,229,0,47406,1,1,4,1
57,1,0.8395337616891257,249,1,39887,0,0,2,4
34,7,0.9205307626503776,172,1,52122,1,0,2,4
41,3,0.949071155703,226,1,96167,1,1,0,0
52,3,0.7850547151359385,223,0,79419,0,0,0,3
46,8,0.7320357374578189,233,1,34983,1,0,2,4
45,8,0.4906512616021815,189,1,41908,0,0,1,2
56,1,0.9885121487222146,234,1,68137,0,1,1,4
56,4,0.483386191012551,199,0,52386,0,0,3,0
55,5,0.7000659725689824,243,0,60907,0,0,1,2
30,9,0.8244599110189983,182,1,67919,1,1,2,2
45,7,0.2377073788458646,161,1,90686,1,0,0,2
59,9,0.6781707431826083,237,0,69158,1,0,2,4
38,9,0.5163346267745043,183,1,38395,1,1,2,4
47,10,0.8193483756195459,227,0,43501,0,1,3,0
48,1,0.4762533061042924,204,0,38228,0,1,1,1
54,4,0.7970506210087491,233,0,56690,0,0,1,3
34,2,0.2092821437166045,194,0,80428,1,0,2,0
29,4,0.4212820942013064,162,0,35568,1,0,3,3
54,4,0.1094978122988363,181,0,99206,0,1,2,2
31,3,0.2315310068217193,233,0,63229,1,0,4,0
30,10,0.1472559919594062,171,0,61098,1,0,4,1
32,6,0.8083482975820633,229,0,63277,0,1,1,4
50,4,0.5417513455488622,184,1,47899,0,0,2,2
42,6,0.7369084429397413,233,1,32252,1,1,1,3
50,2,0.7439983363597694,246,1,83793,1,0,4,2
28,4,0.280592195488053,221,1,45710,0,0,4,2
37,9,0.6070274084729331,152,0,93376,1,1,2,0
48,4,0.5697993435703675,153,0,62429,0,1,3,4
55,1,0.4900760437387719,237,0,46051,0,0,1,0
46,2,0.0665284657293517,233,0,98551,0,0,2,4
42,6,0.3592380580502808,232,0,98112,0,0,4,0
58,10,0.6748343768829334,209,1,70785,1,0,1,4
47,10,0.1743978615603132,150,1,83328,0,0,0,1
25,3,0.0546759743574396,180,0,44251,1,0,1,4
44,1,0.3756395412504751,215,1,42122,1,1,3,1
49,8,0.0745366862994341,190,1,32476,1,1,2,0
30,4,0.773209220450679,248,1,37819,1,0,2,4
54,10,0.8350643895930558,165,1,93647,1,1,3,1
44,6,0.7258355944896595,155,0,84642,1,1,1,3
33,6,0.3242058183041204,211,1,81179,1,0,1,1
42,6,0.8748059553816854,161,0,60684,1,1,4,1
27,8,0.0388537701958044,205,1,78586,0,1,1,0
30,3,0.330097053200146,203,1,36342,1,1,0,2
25,7,0.1485177976169798,233,1,87748,1,0,3,1
43,7,0.772273779685441,204,0,52281,1,1,4,4
52,10,0.878065862891652,237,0,31475,0,0,2,0
33,5,0.639531828541022,215,1,50116,0,0,3,4
34,6,0.7710801122680846,211,1,60563,0,0,2,1
48,9,0.3163187572394733,230,0,63836,0,1,3,0
50,2,0.4852178471783338,170,1,70312,1,1,2,2
32,1,0.4316645100356093,178,0,87579,1,1,2,2
29,2,0.2141892930578047,213,1,35273,1,1,4,4
37,9,0.8510489800188509,202,0,53055,1,0,1,0
46,7,0.5387003622438757,213,0,63425,1,1,1,4
58,8,0.0351459259912524,170,0,91437,0,0,3,2
49,1,0.2700459136247081,215,1,67147,1,1,4,4
47,1,0.1255320905566372,220,1,85742,0,1,1,3
45,7,0.1511176949146666,153,0,68187,0,1,2,1
27,5,0.6015691234448843,189,0,90525,0,0,3,2
32,5,0.0598648869818267,229,0,81642,1,0,1,3
46,3,0.0028440059130773,198,1,42539,0,0,0,2
35,4,0.8591138709442458,195,1,97250,0,0,1,1
47,5,0.290019226763068,182,0,33311,1,1,2,2
40,1,0.7204774343372721,231,0,74148,0,0,4,2
52,2,0.6960628667818334,164,1,38735,1,0,3,0
59,8,0.4244521438954887,232,0,43794,1,0,2,3
53,1,0.5358590591960155,177,0,73721,1,0,2,4
30,10,0.398685265853746,164,1,68051,1,1,0,2
38,6,0.1256890186411599,183,1,87804,0,1,2,1
53,7,0.8465984658493394,201,1,83172,0,0,0,2
52,8,0.6557074959004799,160,0,69512,1,1,2,1
34,3,0.2349553746151401,238,0,37456,1,0,1,3
28,4,0.962189509444676,166,0,66268,1,1,3,4
48,4,0.1591831994169379,169,1,66239,0,0,4,2
26,10,0.6725883728340728,220,0,44727,0,0,0,4
53,10,0.0952166504327931,162,1,48599,0,0,4,4
49,7,0.7675784850178553,246,1,61890,0,0,3,1
55,1,0.200789301868004,170,1,85073,1,1,0,2
39,10,0.0873069212343484,205,0,34633,0,0,2,0
57,6,0.2965213339140977,239,1,99566,0,0,0,2
32,4,0.0754900278918915,221,1,31347,0,1,4,0
40,1,0.804374129310682,219,0,44704,1,0,3,0
58,1,0.7875047728657362,232,0,99991,0,0,2,3
30,8,0.8969251246541502,204,1,82078,0,0,1,3
47,7,0.8890446727415144,211,0,94130,1,1,2,0
45,2,0.8260198518223637,227,1,72752,0,1,2,2
59,7,0.3200965267703672,249,1,99584,0,0,1,3
53,2,0.839469354594638,234,0,34172,0,1,2,3
59,8,0.3323672613165203,156,1,66406,0,0,2,3
26,7,0.1076865396854509,245,0,66024,1,1,4,1
57,5,0.8444804424857016,219,1,41439,0,0,1,0
50,1,0.3613422175949536,227,0,91504,1,1,0,2
56,7,0.3567419393446823,189,1,94294,1,1,2,3
42,1,0.6701467559072453,235,0,89725,1,1,2,1
58,2,0.3321147944131318,217,0,31435,1,0,4,2
54,1,0.3014501213273916,217,1,56769,0,1,2,2
47,7,0.4267792705060792,186,0,93028,1,0,4,2
44,3,0.5796032328481748,222,0,43791,0,1,4,2
47,4,0.2221047395066716,202,1,48251,1,0,2,2
32,7,0.8526088566609565,152,0,77213,1,1,2,3
38,3,0.9686851668543272,232,0,94306,0,0,2,1
47,8,0.3300871766793729,162,1,93791,0,0,1,2
38,5,0.576809546419559,184,1,51349,0,0,3,2
26,5,0.9731695418009249,178,0,83381,1,0,3,0
28,2,0.8310652409269009,195,1,31015,0,0,4,4
48,9,0.6771271066054553,151,1,64407,0,1,1,2
33,8,0.2593869691230984,232,0,42945,1,1,1,1
40,7,0.5626985139677804,172,0,75542,1,1,0,0
56,10,0.0692331121374096,156,1,67058,1,1,0,2
56,4,0.1920801545673774,229,1,53211,1,0,3,4
51,6,0.010444816496314,168,1,35667,0,0,1,4
39,8,0.8645313958359793,186,1,54380,0,0,2,4
28,7,0.275060304713645,230,1,99002,0,0,4,0
49,8,0.2289579637214033,161,1,53633,0,1,0,0
39,4,0.9048225034098516,223,0,96208,1,0,2,1
36,10,0.4782764904328251,205,1,68372,1,1,4,0
31,1,0.2989316232766223,203,0,75599,0,0,1,1
48,6,0.0517875281242717,194,1,54308,0,1,0,4
30,9,0.0239511178031345,185,0,65562,0,1,0,3
55,2,0.0207210546711844,222,0,62728,1,1,3,4
45,6,0.6202523281326736,194,0,85262,0,1,0,0
35,8,0.870768279550006,174,1,68662,0,1,1,2
40,6,0.6549933874999715,226,0,59461,1,1,3,0
38,10,0.4299398484711918,195,1,90263,0,1,4,1
49,7,0.6904602348617428,198,1,57042,0,0,0,3
38,8,0.4756485832742946,223,1,38343,1,0,3,0
42,7,0.1135191903357104,232,1,94611,1,1,1,0
38,6,0.3940494300775718,240,1,67607,1,0,1,2
48,7,0.2520850711648408,232,0,48220,0,1,2,4
32,8,0.4007102306852231,216,0,46446,1,1,3,1
49,3,0.8036464311777303,175,0,58523,0,1,4,1
58,5,0.5097913428949129,169,0,42706,0,0,1,1
52,9,0.2158958470693217,245,1,38896,1,0,1,4
48,10,0.5278602043135839,178,1,92936,1,1,2,0
42,5,0.5266178103758654,185,0,46249,1,0,3,3
58,8,0.485516383078644,214,1,55141,0,1,4,3
27,1,0.3658943966195177,169,1,89082,0,1,0,2
36,6,0.5805158403937568,242,0,92977,0,0,2,1
29,2,0.1768084400669147,223,1,35813,1,0,1,0
43,4,0.5638066342176654,246,1,85800,0,1,0,2
36,8,0.0847189650483825,207,0,94151,0,0,3,4
51,1,0.6848440154803075,161,1,97101,1,0,2,4
41,2,0.1341463548593903,235,0,64691,0,0,4,2
52,2,0.9500950055958152,228,0,90009,1,1,1,2
46,3,0.8123087852137085,245,0,45968,1,0,1,4
34,10,0.4360902951025647,212,1,32193,1,0,4,3
30,10,0.1476029083896921,227,0,96568,1,0,1,3
41,4,0.9316622820918884,244,0,82011,0,1,0,1
36,3,0.4869831968804505,175,0,80787,1,0,3,3
30,2,0.0213718760946267,183,0,47600,1,1,1,4
46,7,0.1237130031742629,180,1,35529,1,0,2,1
40,1,0.5059402740573691,223,0,38691,0,1,0,2
28,8,0.4519842360218168,221,0,92597,0,0,2,1
49,9,0.8627126431260436,228,0,51575,1,0,3,1
57,4,0.870063019991485,173,1,60435,0,1,3,3
25,8,0.9525851941903404,150,1,78199,0,1,1,4
39,10,0.4750346177525851,176,1,82555,0,0,1,0
41,7,0.9569206477006452,186,1,71559,1,0,1,2
43,9,0.3065756109511023,216,1,55788,0,0,0,4
43,7,0.0614079768998598,168,0,87535,1,1,2,1
44,1,0.5390797502364367,242,1,56368,0,0,4,3
25,4,0.2216815617213515,207,1,67056,1,0,0,1
47,6,0.95665244288659,223,1,35721,1,1,4,1
40,9,0.4727085774326522,216,1,64692,0,0,4,3
48,4,0.1935332244589965,170,1,35293,0,0,4,1
44,2,0.1865191545824819,230,1,51316,1,1,1,3
39,6,0.1964440082921865,223,0,75657,0,1,4,0
48,3,0.0854957559382084,248,0,35963,1,0,2,2
57,3,0.3837931922654971,204,0,72722,0,1,1,1
56,3,0.3466000136696293,249,0,37800,1,1,2,2
55,6,0.4322984862305501,248,1,32960,1,0,3,2
39,2,0.6256763224156635,241,0,67201,0,1,2,0
25,3,0.5102146438116488,183,1,97170,0,0,4,2
36,7,0.4805332100693907,161,0,82856,0,1,3,4
59,4,0.8570366760578936,196,1,65864,1,0,4,0
54,3,0.2281929904473582,241,1,38981,1,1,0,3
50,8,0.3237679554937616,150,1,87741,1,1,4,3
35,1,0.6365942338553944,241,0,81235,0,0,3,1
56,6,0.1072324184272185,175,1,75531,1,1,4,4
26,7,0.8046857211542401,191,0,46324,1,0,3,0
34,1,0.8130486946103281,230,0,48196,1,1,0,4
46,3,0.2804827178658748,243,0,82067,0,1,4,0
33,9,0.2662324161021366,228,0,50262,1,0,3,3
54,9,0.2091251514192021,165,0,76960,1,0,3,2
49,10,0.3154900012749525,216,0,90788,1,1,3,4
45,3,0.6147834032190523,194,1,55180,0,0,3,1
42,9,0.4533555542379646,203,1,68415,1,0,4,4
44,8,0.2617943393894157,193,0,37796,1,0,1,0
40,2,0.9833239936368858,170,1,37291,1,0,2,3
59,7,0.4008619079151012,155,1,52160,1,0,3,1
53,7,0.3108225462753972,158,1,86198,0,0,1,1
54,8,0.9340612200356794,240,1,56794,0,0,4,1
27,4,0.732572372360327,249,0,48121,0,0,0,4
56,10,0.0645355423712149,229,1,40747,0,1,3,4
38,7,0.1641706192995858,198,0,75386,0,1,1,0
50,3,0.7862337379593178,216,1,53097,1,1,1,2
29,6,0.4145641771757704,221,1,91913,0,0,0,1
52,2,0.1013327466565335,226,0,58666,1,1,1,1
32,8,0.3287770910149319,173,1,93766,1,1,1,2
57,8,0.6361624064926745,183,0,55216,1,0,2,3
37,4,0.6300031718936397,221,1,52385,1,1,4,4
44,5,0.1784214097752654,228,1,53084,1,0,0,1
42,5,0.747357566182855,221,1,31326,0,1,3,0
44,3,0.3873973613366734,217,1,58556,1,1,2,4
57,4,0.7438680851150393,157,1,64696,1,0,3,1
45,9,0.6345458169290162,173,0,75754,0,1,2,2
48,2,0.0752314962513943,163,1,97670,1,0,1,0
52,3,0.155503386494508,175,0,78446,1,1,0,0
29,2,0.743809719941609,150,0,69135,1,0,2,4
54,6,0.1059544046978843,225,0,35597,1,1,1,1
48,9,0.2016355779110776,214,0,52845,1,0,2,1
38,3,0.8623328959396549,184,0,44713,0,0,4,0
50,9,0.9639110982733896,210,0,64259,0,0,0,2
37,1,0.2097879578504016,248,1,96848,1,1,4,1
45,2,0.2128392232458642,220,1,77108,0,1,3,2
50,5,0.4789064020210939,200,1,33619,0,0,4,2
58,3,0.1743702887486541,210,0,42027,0,1,1,1
38,5,0.6216113367748421,154,0,98956,1,1,3,2
45,7,0.7412150794792167,222,0,91590,0,1,3,4
43,6,0.7564274269055317,230,1,30957,0,0,3,1
36,3,0.8979082114697393,213,0,37912,0,0,0,1
54,8,0.2436772305997875,187,0,42217,1,0,3,3
57,10,0.9614937334659652,170,1,64197,1,0,4,1
47,10,0.0186433227361456,167,0,39839,0,0,3,0
37,10,0.9999772724800344,157,0,86167,1,0,0,0
52,4,0.5843331932632928,163,0,44302,0,1,2,2
52,10,0.6809157826793361,215,1,99586,0,1,0,1
43,10,0.151175626283633,173,1,93970,0,0,0,1
55,9,0.1220463044265423,214,0,35486,0,0,4,4
41,5,0.284980442096682,233,0,50319,1,0,2,4
52,7,0.5679622715994557,202,1,69506,0,1,1,1
28,5,0.1269450081013539,238,0,65409,0,1,3,3
30,7,0.9343940616124192,239,1,76601,0,1,3,2
43,10,0.769652447121744,150,0,55574,0,0,4,0
47,1,0.3219388780603254,184,1,98703,1,1,1,4
30,6,0.984407189513569,245,0,87689,1,0,2,4
48,4,0.9806987924988646,238,0,63365,1,0,0,2
46,3,0.3224164844824373,239,1,39883,1,1,3,0
45,4,0.7624603392634594,201,0,81628,1,0,2,2
38,10,0.2283437358196289,213,1,72043,1,1,4,0
48,1,0.1257553189712769,230,1,69001,0,1,0,0
49,8,0.7866650165562891,155,1,37113,1,0,4,0
41,5,0.5727368149757425,218,1,74360,1,0,0,1
59,2,0.4885056067842929,150,0,79792,0,1,0,0
41,4,0.4898462590451276,168,1,48258,1,0,3,1
52,5,0.9999786460864069,159,0,34471,0,1,4,0
26,6,0.6380453646217108,237,1,99672,0,1,2,3
58,1,0.7663230191243772,178,1,78851,1,0,2,4
25,5,0.038929118175108,160,0,44046,0,1,3,3
27,10,0.7889238248094698,236,1,47473,0,1,1,0
46,1,0.068393738383592,169,1,49134,1,1,0,1
28,2,0.019367478943716,177,1,88384,1,0,0,2
39,6,0.5529886762684338,235,1,37817,0,1,2,1
36,5,0.770280109873264,173,0,65839,1,0,2,0
31,6,0.4655246525147328,240,0,66024,1,0,1,3
55,10,0.0090087942690082,177,1,57216,0,0,4,1
29,9,0.472849732838964,182,0,47618,0,0,1,3
51,4,0.6455477311819424,190,1,61327,1,0,4,1
49,1,0.2041073818212304,218,1,70487,0,1,4,2
41,7,0.4587861666729169,169,1,76520,1,1,3,0
52,4,0.9542328450851456,229,1,51860,0,1,3,4
51,10,0.4339423869202531,165,0,59104,1,0,4,4
50,5,0.5105835775399054,173,1,94861,1,1,4,0
53,7,0.5058613496808848,239,1,99361,1,0,4,0
51,6,0.7625215362598607,179,0,39963,0,1,1,1
41,7,0.990042562957104,160,1,30706,0,0,3,3
40,7,0.0917277035985,248,0,39629,0,1,1,0
33,9,0.1057016554014333,160,0,99241,0,1,3,3
56,9,0.5731065277892952,214,0,45288,0,0,0,4
25,10,0.9702097111655816,165,1,36830,0,0,0,4
33,7,0.1537411309642372,218,1,52248,1,1,2,0
31,3,0.8924595584095214,217,0,30532,0,0,3,1
30,7,0.3942105708288722,152,0,66677,1,0,3,0
28,5,0.4584638156323471,156,0,42179,1,0,4,2
34,9,0.6443200836090768,203,0,81516,0,0,2,3
34,10,0.6993791117633571,193,0,60560,0,0,0,1
59,10,0.2573024819759059,183,1,72294,0,0,0,1
32,2,0.3230881138052778,177,0,89446,0,1,1,1
47,1,0.2763933600667677,186,1,80763,0,0,0,1
31,10,0.8916391165566242,181,1,40362,1,1,1,1
26,3,0.6867808841443525,224,0,56859,0,1,1,2
44,4,0.2975892857805765,167,1,66066,0,0,1,1
55,3,0.1050513203706947,242,0,38104,1,1,0,4
54,7,0.0208396337138228,247,0,46263,1,1,3,4
49,1,0.868744475619441,216,0,66121,0,0,4,3
34,10,0.2166831396493005,181,0,85641,1,0,4,0
41,5,0.1576749246306789,184,0,54831,1,1,1,3
33,9,0.9887871958680194,238,0,69001,0,0,3,4
56,4,0.1614306955816135,242,0,76668,0,0,2,2
48,5,0.6562418793477547,167,0,65587,0,0,0,0
40,5,0.2174351886167469,187,0,50096,1,0,0,2
36,4,0.616643814499665,195,0,74143,0,1,4,2
59,1,0.672880567634355,208,1,56843,0,1,1,0
41,9,0.8665491286535957,178,0,93351,0,0,3,4
53,3,0.517935082107338,214,1,77976,0,0,3,1
59,5,0.8365534328175742,161,0,60095,0,1,0,3
28,4,0.1036288484057481,159,0,86012,1,0,3,4
31,8,0.3551597599446017,192,0,71174,0,0,3,2
43,2,0.0127083246575461,210,0,42585,1,1,0,4
52,1,0.3703525783269578,203,1,54532,0,1,3,4
46,9,0.0397553781517717,173,0,56872,0,1,3,3
45,8,0.9696432252969862,235,0,60146,1,1,4,4
29,1,0.5980537768589096,227,1,42438,0,0,0,2
56,10,0.4048085041612221,199,0,32573,0,0,1,1
25,10,0.5852541031771342,151,0,87104,0,1,1,3
44,1,0.3792444936648629,202,1,58453,0,1,4,0
52,6,0.0486414054591625,248,1,72136,1,1,0,0
36,5,0.8038023798435385,211,1,85195,1,0,4,4
42,8,0.1493050691083656,218,0,93571,0,1,1,4
29,3,0.5931063474071039,154,0,96110,0,0,0,4
55,8,0.0708218994312831,246,1,38584,0,0,0,3
26,8,0.6495113021328073,161,0,68549,1,1,4,4
33,2,0.2442130758575019,243,0,91069,0,0,0,4
26,5,0.7962225320496449,202,0,86923,0,0,0,0
42,3,0.8804512521642701,176,1,56124,0,0,3,0
59,5,0.3306053587375467,153,1,88048,0,1,1,3
49,10,0.5498873600132886,210,0,37574,1,0,2,3
40,10,0.810484261501227,240,0,57209,1,0,4,1
44,6,0.4177923418965106,192,1,83180,0,1,3,4
28,9,0.2151602421075196,193,0,84814,1,1,0,1
56,6,0.0220377888473528,246,0,63416,1,1,2,0
44,4,0.677653900816814,209,1,62614,0,0,0,1
39,10,0.6506147687307012,172,0,80189,1,1,2,3
42,1,0.1599890277884693,161,0,58015,0,0,4,0
31,7,0.6345247056064283,164,0,68402,0,0,4,0
27,4,0.5365094975547917,183,0,42938,0,0,0,2
32,5,0.1496820296839711,166,0,43063,0,0,1,0
53,9,0.2098826893241567,216,0,67793,1,1,0,1
32,10,0.4716301697901877,163,0,60017,1,0,2,2
25,3,0.5985107537986578,225,0,56633,0,1,3,0
45,10,0.7011042723380201,229,1,97497,1,0,1,1
26,4,0.1075822930663591,227,1,80647,1,1,2,4
58,7,0.3004701914367061,152,1,36566,1,0,1,3
45,6,0.9700350321559468,222,1,53466,0,1,1,4
57,5,0.8721557499138762,202,1,74675,1,0,4,2
31,7,0.9476901045179188,243,0,33757,1,0,1,1
39,5,0.3509512871972334,222,0,51376,0,1,4,0
33,5,0.6170527322062637,205,0,30394,1,0,3,2
54,6,0.8788255492921696,152,0,51522,1,1,1,3
41,5,0.1321944827933899,230,0,80031,1,1,3,1
45,2,0.0562871371352421,221,1,59666,1,0,0,1
27,3,0.6121133860198124,158,0,69170,0,1,1,3
41,9,0.5575405173928076,179,0,53799,0,0,1,3
41,9,0.7580009093890284,195,0,79181,0,1,2,4
35,10,0.169282622422256,195,0,49292,0,1,0,0
34,2,0.7965255847942795,233,0,96750,1,0,1,0
25,10,0.8244554216103779,153,1,39132,0,0,0,2
34,5,0.1968965755322955,239,0,66661,0,1,0,0
49,8,0.3762658649766637,217,0,38406,1,0,4,1
40,8,0.4105278790964494,241,0,63301,1,1,1,0
56,6,0.175641033152365,158,0,39619,0,0,2,0
49,7,0.2879065205487834,241,0,75992,1,0,3,0
37,10,0.1836808456723012,242,0,68411,0,0,1,2
40,2,0.7761383918994036,171,0,59859,1,1,4,1
44,3,0.4810551080310606,156,1,51776,0,0,0,3
52,2,0.7179191067182946,189,0,69246,0,1,1,3
32,3,0.8595163680479233,152,1,37525,0,0,2,1
55,7,0.8975282860305854,192,0,70411,0,0,3,4
52,6,0.0315707147561178,239,1,88770,0,1,4,0
53,6,0.5564725440616477,167,1,75826,1,1,1,4
58,2,0.958490392217687,235,1,73092,1,1,1,0
44,5,0.838682400805847,191,0,43496,0,0,1,4
29,7,0.8713708888354867,210,1,41009,1,1,1,1
51,7,0.3648879131540359,188,0,73232,0,1,0,2
55,8,0.7079331319043227,248,1,90300,0,1,1,2
57,6,0.4813370336781987,179,1,30194,1,0,0,3
56,8,0.5994527382417407,189,0,92026,0,0,4,4
41,9,0.6954038800143041,169,1,41972,1,0,4,3
47,9,0.6211326296688876,223,0,64574,0,0,1,0
41,10,0.6932841823480376,196,0,83462,0,0,0,3
42,6,0.5654748891934641,171,1,56022,0,0,0,4
38,10,0.4543757197438444,166,0,96098,0,0,0,4
40,10,0.2880846515153893,221,0,85546,0,1,4,4
48,8,0.6481939634855162,196,1,84317,1,1,4,0
27,8,0.3633806300728299,216,0,43922,0,1,3,3
37,3,0.8110500306512897,198,1,94820,0,0,4,3
45,8,0.7255182219224305,163,0,98646,1,0,2,3
43,5,0.3467266495632437,208,1,41035,1,0,1,3
40,6,0.5167788316752226,165,1,50803,1,1,1,3
52,9,0.2343044463012269,238,1,81927,0,0,4,1
29,10,0.924621599629222,169,1,96499,0,0,0,1
32,3,0.2981683980076915,159,1,80233,1,1,1,3
39,8,0.920740421039858,232,0,76158,1,0,4,4
33,7,0.0589563114417999,211,1,97965,1,1,3,2
42,9,0.1807998274420982,214,0,88567,0,0,2,2
44,8,0.6330617441737039,242,0,79354,1,1,2,1
50,2,0.540488894102509,228,0,70579,0,0,3,0
26,2,0.8554305347854086,205,0,80344,1,1,4,0
30,2,0.8015824338432045,193,1,48580,0,0,1,1
27,7,0.0810950212030195,155,0,31035,0,0,4,4
45,4,0.2860544949731644,206,0,60002,1,1,4,0
47,9,0.5627999698014219,239,1,48501,1,0,2,4
50,10,0.2205208893383007,222,1,30335,1,1,3,3
46,8,0.8188350547086714,218,0,74975,0,1,2,1
44,4,0.7952217315872532,168,1,56303,0,0,0,2
54,10,0.3311844191333024,165,1,67747,1,1,2,1
56,9,0.9238709752769376,158,1,58783,0,0,4,3
26,3,0.6762287610270031,176,1,30099,1,0,3,0
54,9,0.2792337330328452,183,0,50875,1,0,3,3
56,2,0.65162912393342,189,1,94871,1,0,1,3
51,2,0.4237669554363124,175,0,54704,1,0,0,4
36,5,0.008963532688144,248,1,89084,1,0,0,4
47,7,0.6005242653586182,202,0,50516,1,0,0,2
39,1,0.1142003191490973,200,0,62501,0,0,4,0
59,7,0.2222705069714097,229,1,95026,1,0,1,2
27,2,0.7421485351046319,211,1,87852,1,1,0,2
39,7,0.7136084660487285,221,0,82478,1,1,1,4
29,10,0.0131536224287853,246,0,48533,0,1,2,2
52,3,0.3891799238440878,196,1,83804,1,1,0,2
34,5,0.4189073675806941,188,0,49259,0,0,2,4
46,1,0.355288042663971,205,1,81226,0,1,1,3
27,6,0.5970832873256853,228,0,76223,1,1,3,3
26,3,0.3825976127488706,222,1,88625,0,1,3,4
49,8,0.0285078533333527,231,1,85150,1,1,3,1
54,1,0.798520719631728,214,1,75319,1,1,2,3
30,5,0.5405607139695657,175,0,43997,1,1,4,0
39,10,0.0539957676862078,152,1,48786,1,1,3,4
45,3,0.3962211321495762,180,0,34457,0,1,4,1
44,6,0.8627241307168046,174,1,68525,0,0,3,2
37,5,0.5258191188359583,213,1,55540,0,1,2,2
35,9,0.7190211720107731,213,1,81006,0,1,2,4
28,6,0.5941250057371248,228,1,59352,1,0,0,2
58,5,0.5512420540013514,153,1,42453,0,0,2,4
38,10,0.7650746403780602,210,1,37246,1,0,2,0
36,9,0.659800670360653,248,0,98348,1,1,0,2
38,4,0.1413831632770339,226,0,49977,0,0,3,0
38,5,0.9359134573891496,246,0,93085,0,1,2,4
49,10,0.8004641683163051,235,0,55399,0,1,2,2
43,6,0.8186821276333484,230,0,43525,1,1,4,3
42,8,0.6677084764306055,176,1,31816,0,1,1,4
36,8,0.66954986856726,233,0,64524,1,1,2,0
27,3,0.101518306547187,196,0,99501,1,0,1,2
33,7,0.4653968155630601,240,1,52063,0,1,3,3
53,2,0.8668954532697919,152,0,45784,0,1,0,1
52,7,0.3815025844117866,221,0,92350,1,0,3,4
46,6,0.4123721036284398,228,0,87016,0,0,4,4
25,5,0.1667633268086485,216,0,56757,0,0,2,4
36,6,0.1116861588447785,242,0,95104,1,0,3,2
28,5,0.3680401564681551,242,0,52164,0,0,0,4
48,7,0.8830986189155482,182,1,68280,0,1,1,3
27,1,0.1630912267936473,182,1,35209,1,1,3,3
30,7,0.6157508088140333,207,0,75131,1,1,4,4
25,2,0.0821825313449539,190,0,74810,0,1,2,4
41,10,0.1953458074352594,219,1,65682,1,0,2,1
27,7,0.6722153773426006,243,1,65730,1,1,4,2
27,8,0.6577527198706827,222,1,48299,0,0,4,0
33,9,0.9060169754478156,228,1,80805,0,1,1,4
42,4,0.1517692103960682,150,1,48126,0,0,2,0
57,6,0.6961337414839491,219,1,45592,1,1,1,0
50,7,0.914640282961798,239,0,60283,1,0,1,4
46,7,0.6247064716893934,215,0,80586,0,1,3,0
25,4,0.5946349518386737,201,1,70805,1,0,0,3
43,8,0.153005715178056,239,0,63040,0,1,0,1
30,7,0.2181941385468281,222,0,55096,1,0,3,2
50,3,0.571187198456714,191,1,88532,1,0,1,1
45,1,0.0571076392084856,155,1,49746,1,0,3,3
29,3,0.904200625964292,180,0,32574,1,1,0,1
42,8,0.4173531749064154,187,0,84212,0,0,3,0
39,6,0.6608567501851098,198,0,86674,1,1,2,0
44,3,0.4581052966430636,190,1,61487,0,0,3,0
52,2,0.7887659264891739,227,1,30359,1,0,1,1
33,5,0.6185351599675583,204,1,42829,1,1,1,1
50,1,0.6007464280153564,156,0,85323,1,1,1,0
44,5,0.2715748239068898,184,0,39711,0,0,1,3
31,8,0.7498013163768511,165,0,57770,1,1,4,4
33,6,0.3015212975786565,168,1,94407,1,1,2,2
57,4,0.928593460824487,170,0,67074,0,0,3,3
46,9,0.6048047455951329,187,1,62861,0,0,3,0
25,5,0.857127378324709,197,1,62320,0,1,2,3
32,6,0.6280225121808516,208,1,70299,1,1,3,3
58,7,0.6823400303349135,233,1,72993,1,0,0,1
49,5,0.0046325572464227,241,0,31774,0,1,3,4
57,1,0.9172434999352896,241,1,58386,0,1,0,4
33,2,0.8539872082282832,241,1,88638,1,0,2,2
41,7,0.9274225122067946,152,1,55651,1,1,4,1
35,7,0.0986102969456647,183,1,74369,1,1,0,4
43,8,0.1249736042658323,219,1,69749,1,0,3,4
46,3,0.3767690018671086,235,0,76417,1,1,3,2
33,9,0.132682425395834,157,1,96779,0,1,0,2
34,3,0.4815205031751679,153,0,49699,0,1,3,3
49,6,0.9722214144542276,153,0,57893,1,0,4,4
45,8,0.6239416468801177,237,0,37520,0,1,4,1
35,1,0.9652968950627798,228,1,92364,0,0,2,3
44,8,0.4075607563102211,188,1,77127,1,0,1,0
36,1,0.3050588869298963,211,0,60355,0,1,4,3
39,7,0.1736236783629254,209,1,30262,1,0,0,4
30,4,0.4902264461643565,168,0,88814,0,0,3,2
41,1,0.0082281265262676,240,0,77259,0,1,1,1
29,8,0.2478573703598555,228,0,87516,0,0,0,2
39,9,0.7320832783838206,202,1,69919,1,1,1,0
56,3,0.7085857031728879,159,0,99423,1,0,1,0
27,4,0.4469667668538275,212,0,81306,1,1,1,0
27,2,0.0263334281851567,241,0,57712,0,0,4,1
39,4,0.7981448220213618,168,1,86404,0,0,3,4
56,1,0.7567860032562015,152,1,69350,0,1,1,4
32,2,0.355787567426447,188,1,86611,0,0,1,4
30,2,0.7645304717813176,180,0,94636,0,0,2,0
29,3,0.9310752250022212,195,0,63884,0,1,3,2
40,7,0.9365728276260455,202,0,84994,0,1,4,2
41,6,0.7453721278694397,151,0,55417,0,0,3,3
29,5,0.678314474552117,233,0,66339,0,0,4,2
48,7,0.5484576334636269,203,1,90845,1,1,1,0
51,8,0.0861976666624583,249,0,44648,1,0,3,3
49,5,0.1555593736121553,155,1,95332,0,1,4,3
45,2,0.3545242368460449,175,0,83449,0,1,3,3
32,4,0.5892435891630338,215,0,45156,0,1,0,2
58,10,0.549457382639754,228,1,32741,0,1,3,4
39,10,0.7428436567763617,150,0,57973,1,0,2,1
59,9,0.3251268153346212,180,1,85023,1,1,2,4
50,7,0.3437590979350646,194,0,87163,0,1,4,2
58,3,0.6646436616626413,209,0,66440,0,1,2,4
59,5,0.1406938168915369,216,0,33042,0,0,4,2
39,5,0.5294515597842143,214,0,67199,0,1,1,0
27,5,0.4209511945155827,246,1,65798,0,0,4,3
33,8,0.3502416717363903,244,1,33648,1,1,3,1
50,8,0.5180495834518767,192,1,51468,0,0,3,4
34,5,0.2772848492771976,165,0,64526,1,0,0,4
54,5,0.320043844824578,229,1,90433,1,1,1,4
41,6,0.0048455687522015,234,1,46499,1,1,2,3
49,9,0.351508974073736,193,0,95529,0,0,2,1
35,7,0.0018202886542839,182,1,53608,0,1,1,4
55,9,0.2530729450635121,243,1,68459,0,0,3,0
36,8,0.4642889220236307,169,0,35430,0,1,4,1
49,8,0.3513060042948617,152,0,57886,1,0,0,0
50,4,0.5274700493111055,167,1,30382,1,0,3,4
37,3,0.7933570362775519,158,0,34234,0,1,3,0
54,9,0.9290526739359252,209,0,57795,1,1,4,4
27,8,0.3342980480865616,185,1,82983,1,1,1,3
55,4,0.7388819650387811,179,1,39382,1,1,4,1
45,4,0.6746731613936481,173,0,47576,0,1,3,3
59,8,0.3032872007440853,185,0,48379,0,1,3,2
53,9,0.6217842310270022,195,0,67033,1,0,3,3
37,8,0.1353033369533748,235,1,86929,1,1,4,2
54,6,0.8830827690376937,192,1,90878,0,0,3,2
30,5,0.9213256917719672,164,0,79455,1,0,3,0
35,9,0.6582991423349401,177,1,95330,0,0,0,3
35,7,0.213662888795487,249,1,92100,0,1,0,1
28,3,0.6104725426967769,206,0,34442,1,0,3,2
46,5,0.7903140122362532,156,0,78569,0,1,0,1
58,10,0.3528702751332145,207,0,81636,0,1,0,0
54,4,0.5054887193116648,157,1,76669,0,1,1,4
29,3,0.69737520327081,216,1,59042,1,1,1,2
55,9,0.7961273097582663,164,0,39553,1,0,2,4
52,1,0.439422403020958,242,0,53320,1,1,1,0
55,9,0.9141923419389324,235,1,33077,1,1,4,3
47,1,0.9496644615218974,198,1,59110,0,1,0,1
27,2,0.716926597331819,173,0,32770,1,0,2,2
59,5,0.0973752467205991,210,0,93794,0,0,0,2
45,10,0.5737178170976025,216,1,96585,1,0,2,3
45,8,0.0937042804752162,194,0,85864,1,1,3,4
34,4,0.3820037149848587,211,1,68139,1,0,1,4
36,1,0.7900777033966104,221,1,39036,0,1,2,1
51,8,0.7184663018816069,210,1,32327,1,1,0,1
36,9,0.5585117784091431,182,1,65638,1,1,2,4
47,2,0.8896207566466521,243,0,78726,1,0,0,0
46,8,0.9550947163759048,176,1,79044,1,1,4,2
47,5,0.9324495952326676,193,0,47301,0,1,4,2
47,2,0.9920179359326206,186,1,31507,0,0,0,3
39,3,0.3774348661357783,239,0,71403,0,1,4,3
50,1,0.4311521320570114,154,0,30181,1,0,2,0
52,3,0.6471024872975396,206,0,64143,0,0,2,2
37,2,0.3048127149098943,241,0,74383,1,1,4,3
59,1,0.9405101237886104,159,0,73220,1,0,1,3
