Age,Gender,Department,Job_Title,Years_at_Company,Satisfaction_Level,Average_Monthly_Hours,Promotion_Last_5Years,Salary,Attrition
27,1,0,0,9,0.586251256,151,0,60132,0.1
53,0,1,1,10,0.261160889,221,1,79947,0.2
42,0,2,0,1,0.48077887,242,0,40662,0.3
44,0,1,1,10,0.636243888,229,1,74307,0.1
47,1,1,3,10,0.889017669,237,0,97212,0.2
58,1,0,3,5,0.688976579,155,1,97865,0.2
57,0,1,2,8,0.981678691,171,0,50113,0.3
57,0,0,1,7,0.46678236,170,0,43283,0.3
50,1,0,4,3,0.177106992,158,0,55665,0.1
41,1,2,4,10,0.583454312,199,1,39979,0.3
28,1,3,4,9,0.518715477,169,1,79639,0.2
27,1,2,0,8,0.848216866,193,1,50307,0.3
45,1,2,3,4,0.64553991,172,0,94005,0.2
53,1,0,3,9,0.623273607,216,1,99093,0.2
58,0,1,0,4,0.921873191,160,1,95910,0.2
55,0,1,2,6,0.997498306,224,1,59231,0.1
52,0,3,3,6,0.068411832,156,0,68979,0.1
59,0,0,4,8,0.779419114,183,1,65901,0.1
30,0,4,3,8,0.99723219,237,1,51252,0.3
59,1,4,3,7,0.96348125,212,0,86371,0.2
35,1,1,2,3,0.629359923,220,0,59546,0.1
47,1,4,4,5,0.547873197,247,1,80887,0.2
43,1,3,4,5,0.673553301,201,0,70977,0.1
40,0,4,2,10,0.8142447,222,0,40055,0.3
52,1,1,3,6,0.421503867,161,1,99265,0.2
31,1,2,4,7,0.068867204,186,1,69612,0.1
39,0,3,0,1,0.198641046,177,1,45124,0.3
36,0,4,4,8,0.322017729,200,0,38871,0.3
26,0,3,3,5,0.18553526,228,1,61224,0.1
50,1,3,3,7,0.614670565,223,0,31506,0.3
52,1,0,4,5,0.588893645,236,0,98061,0.2
47,1,2,1,9,0.380292495,173,1,34647,0.3
36,1,1,4,8,0.68848398,160,1,71087,0.1
46,0,2,1,9,0.232987246,214,1,50921,0.3
59,1,3,4,6,0.978877892,220,1,59060,0.1
28,1,1,2,6,0.463565541,165,0,46658,0.3
55,1,0,2,3,0.384063419,212,1,48184,0.3
31,1,4,3,5,0.11492343,165,0,58575,0.1
48,1,4,1,8,0.517683818,154,1,72928,0.1
39,1,2,1,5,0.43311433,168,0,74105,0.1
44,1,1,2,7,0.067947452,185,0,43038,0.3
37,0,3,2,8,0.288032911,226,0,49824,0.3
42,0,0,4,2,0.941952977,178,1,30821,0.3
26,1,4,1,6,0.866774274,218,1,48520,0.3
41,0,0,1,8,0.801346156,227,1,69674,0.1
50,0,1,2,1,0.91644361,173,1,97663,0.2
25,1,4,2,1,0.807053185,204,1,71807,0.1
54,0,2,2,1,0.861631769,218,0,90011,0.2
26,1,4,1,10,0.001376498,157,1,91398,0.2
29,0,4,1,7,0.427043243,237,0,78600,0.2
32,1,1,1,6,0.873222871,238,1,40798,0.3
26,1,3,2,1,0.008390912,214,1,52415,0.3
37,1,3,2,6,0.178761026,211,0,38085,0.3
32,1,4,4,5,0.903159711,176,0,58364,0.1
49,1,3,1,5,0.722959743,194,1,40742,0.3
31,1,1,0,2,0.448962987,201,0,84407,0.2
45,1,2,1,10,0.285400273,165,1,70060,0.1
57,0,0,0,4,0.662543719,244,1,99321,0.2
33,0,2,2,7,0.426452472,209,1,38495,0.3
39,0,2,1,2,0.792033001,207,1,70941,0.1
26,1,0,4,2,0.076777533,211,1,49523,0.3
31,0,1,4,4,0.936095148,209,0,73359,0.1
50,1,0,1,5,0.33856585,160,0,99328,0.2
32,1,0,4,10,0.467656485,189,0,47802,0.3
26,0,2,1,6,0.050759332,226,1,97181,0.2
39,1,0,3,6,0.689082194,169,0,35521,0.3
28,0,3,2,10,0.524497705,246,0,54477,0.1
49,0,1,3,9,0.127073577,178,1,37543,0.3
48,0,2,0,7,0.889568568,184,0,87607,0.2
30,0,3,1,2,0.878334093,232,0,97217,0.2
58,0,3,1,2,0.86546828,218,0,52961,0.1
27,1,2,3,5,0.230957495,154,1,38532,0.3
43,1,3,3,10,0.072532992,235,0,80112,0.2
43,1,4,2,9,0.160936632,154,0,74736,0.1
36,0,2,2,8,0.417395095,161,0,73980,0.1
53,1,1,2,5,0.671744032,245,0,45278,0.3
35,0,0,3,1,0.67724849,247,0,92394,0.2
28,0,2,4,6,0.610645335,200,1,40991,0.3
48,0,1,0,8,0.51349801,194,1,76164,0.2
52,0,4,0,5,0.77240706,156,0,90927,0.2
46,1,1,0,10,0.481604767,202,0,35793,0.3
48,1,0,2,7,0.033353433,199,0,70990,0.1
29,1,4,1,1,0.396134328,217,1,79792,0.2
34,1,1,1,4,0.122716439,243,1,81233,0.2
27,0,4,1,3,0.812001781,249,0,39563,0.3
27,0,3,1,2,0.377119481,240,1,83240,0.2
28,0,0,0,9,0.804251122,249,0,81682,0.2
59,0,4,1,10,0.336936895,206,0,79759,0.2
50,1,2,4,8,0.777463995,190,1,83237,0.2
27,0,3,1,3,0.236711891,232,1,83418,0.2
50,0,4,1,8,0.770280418,188,0,89030,0.2
28,1,2,0,3,0.359679492,243,0,57604,0.1
31,0,1,2,6,0.4642992,225,0,82445,0.2
53,1,4,2,3,0.130383965,218,1,62533,0.1
46,0,1,3,4,0.745609678,237,0,50467,0.3
50,1,2,3,9,0.135430126,242,1,62104,0.1
39,0,2,0,4,0.306161671,184,0,80067,0.2
39,1,0,3,7,0.239608916,153,0,46544,0.3
48,1,3,0,10,0.323052385,190,0,69385,0.1
53,1,1,0,1,0.75316552,242,0,56338,0.1
41,0,3,3,8,0.48538942,177,1,51112,0.3
40,0,4,1,10,0.081334704,186,0,32762,0.3
41,1,1,3,9,0.905024037,178,0,48449,0.3
45,0,4,1,7,0.353568429,188,1,65708,0.1
51,1,2,3,6,0.614201609,243,0,55484,0.1
43,1,1,1,4,0.982782485,213,0,46780,0.3
51,1,3,3,3,0.18975302,186,1,71794,0.1
26,0,2,1,5,0.870157069,168,0,30773,0.3
42,1,1,2,4,0.722440454,169,1,43764,0.3
47,1,4,1,8,0.755911846,210,1,88219,0.2
50,1,0,2,8,0.606613589,160,1,72592,0.1
35,0,0,2,3,0.882720693,245,0,85608,0.2
25,1,2,0,4,0.62962212,186,0,65583,0.1
44,0,3,1,8,0.238584958,223,0,91789,0.2
55,0,3,4,6,0.053591732,153,1,99859,0.2
48,1,0,2,8,0.629412138,219,0,53324,0.1
44,0,4,0,4,0.175874092,151,0,76479,0.2
54,0,3,4,9,0.313937451,239,1,83385,0.2
44,0,0,2,3,0.56069128,172,1,76642,0.2
30,0,1,1,6,0.479113762,166,1,85225,0.2
38,1,1,1,8,0.540608447,150,1,99113,0.2
54,0,1,3,5,0.874415395,195,1,77459,0.2
31,0,0,3,1,0.270389278,193,0,88083,0.2
46,0,2,0,10,0.477896613,248,0,50184,0.3
41,0,4,0,2,0.108283059,160,1,55262,0.1
55,0,2,0,9,0.04165748,225,0,30935,0.3
41,0,2,3,5,0.746744191,232,0,75106,0.1
59,1,1,1,9,0.422140482,165,1,71466,0.1
39,1,4,4,7,0.985724519,164,0,39162,0.3
44,0,2,1,7,0.882224859,213,1,97161,0.2
31,0,4,3,7,0.824251472,167,1,91779,0.2
51,0,0,2,3,0.470307104,200,0,87771,0.2
32,0,4,2,1,0.420061015,216,0,94728,0.2
38,0,0,0,8,0.235391786,171,0,45405,0.3
39,0,4,1,8,0.601145674,211,1,64406,0.1
57,0,2,2,7,0.332711239,241,1,69509,0.1
28,0,0,0,6,0.662651418,151,0,47534,0.3
38,1,3,1,4,0.882512066,191,1,64345,0.1
59,0,1,2,3,0.211755983,159,0,71088,0.1
57,1,2,1,4,0.544582085,186,0,43095,0.3
27,0,3,1,1,0.891054556,210,0,96615,0.2
52,0,2,0,3,0.052292419,249,0,69501,0.1
57,1,0,1,6,0.410378701,181,0,30859,0.3
43,1,4,0,8,0.606365435,166,1,54641,0.1
28,0,4,1,3,0.185515195,171,1,92828,0.2
56,1,1,0,7,0.806804517,187,0,97244,0.2
52,1,4,1,6,0.596438248,184,1,88353,0.2
52,1,1,3,10,0.264672753,192,0,73863,0.1
55,0,3,1,3,0.166736182,170,1,42371,0.3
45,1,0,1,6,0.36598324,174,0,70764,0.1
32,0,0,1,2,0.020531869,242,0,46116,0.3
38,1,0,4,6,0.234443652,237,1,47944,0.3
49,1,1,1,2,0.901786923,176,1,73713,0.1
56,0,3,4,2,0.324648111,187,0,69641,0.1
26,1,0,0,2,0.476893988,233,1,67394,0.1
51,0,0,2,5,0.894234597,248,1,37001,0.3
26,0,2,0,8,0.320226592,247,1,93742,0.2
32,0,2,3,3,0.555592856,169,0,36843,0.3
44,1,4,4,7,0.482527131,234,1,55467,0.1
50,0,0,4,5,0.78086503,241,1,32747,0.3
25,0,2,2,8,0.343330067,233,0,59075,0.1
50,1,4,4,3,0.304334891,162,0,76410,0.2
53,1,0,1,3,0.964099558,246,0,71557,0.1
26,1,3,0,9,0.894335783,206,0,85613,0.2
53,1,4,0,4,0.108401933,197,1,81995,0.2
50,1,2,0,3,0.845728904,216,0,93274,0.2
37,0,0,0,1,0.557379448,174,0,52963,0.1
27,0,1,0,1,0.108170355,225,1,71482,0.1
51,1,2,3,7,0.023120739,241,0,88569,0.2
44,0,2,1,8,0.4717567,186,1,52300,0.3
54,1,0,4,9,0.806603973,156,1,89623,0.2
34,1,1,4,8,0.429644797,167,0,77841,0.2
33,0,4,4,4,0.175596174,176,0,49834,0.3
43,0,0,3,2,0.467445696,190,1,42699,0.3
45,1,1,2,1,0.601234009,207,1,65174,0.1
51,0,0,0,2,0.116848237,156,1,50329,0.3
33,1,3,0,7,0.768094494,246,1,69286,0.1
51,0,0,0,2,0.245054857,221,0,73505,0.1
27,0,1,0,10,0.178531827,150,1,91629,0.2
31,1,1,4,4,0.472193713,155,0,72188,0.1
49,1,3,4,2,0.394461319,229,0,72062,0.1
40,0,1,0,9,0.308031088,154,1,77656,0.2
35,0,0,2,10,0.105995213,183,0,78975,0.2
57,0,4,2,5,0.115979123,220,1,82219,0.2
25,1,3,0,1,0.685779601,150,0,44412,0.3
58,1,0,4,3,0.965687512,225,1,50656,0.3
45,0,1,4,2,0.364180311,156,0,96293,0.2
44,1,4,3,5,0.108699119,191,0,56613,0.1
50,0,0,1,2,0.859532666,213,1,38562,0.3
31,0,3,4,10,0.739730325,213,0,49301,0.3
54,0,1,3,10,0.504744856,180,0,46467,0.3
32,0,1,3,5,0.944356674,245,0,49158,0.3
28,1,2,0,4,0.320425556,229,1,33966,0.3
45,1,1,2,7,0.961866044,247,1,72481,0.1
59,1,1,1,10,0.114367546,214,0,84131,0.2
32,1,0,2,5,0.496467946,190,1,86091,0.2
53,1,2,1,5,0.214984377,153,1,72604,0.1
40,0,0,3,4,0.15765283,213,1,38056,0.3
34,0,3,4,7,0.883854174,219,1,83069,0.2
45,1,2,0,6,0.544958174,243,1,62295,0.1
46,1,3,1,7,0.721645957,184,1,65922,0.1
33,1,2,2,1,0.967472833,205,1,45758,0.3
47,1,2,0,2,0.275525791,243,1,34669,0.3
55,0,2,4,3,0.355157692,212,1,72256,0.1
51,0,3,4,10,0.606954933,218,0,51421,0.3
38,1,1,1,1,0.467807815,186,0,93822,0.2
31,1,0,2,6,0.921720728,187,1,73509,0.1
36,0,2,0,5,0.363328238,167,1,98405,0.2
52,1,2,4,9,0.028610731,197,1,45758,0.3
45,1,4,0,7,0.464554259,195,1,97650,0.2
54,0,3,1,4,0.467568224,175,1,63124,0.1
33,0,3,0,8,0.373698842,171,1,76234,0.2
47,0,2,4,7,0.026618638,182,1,33931,0.3
47,1,4,0,8,0.800109537,196,1,51668,0.3
25,0,2,4,4,0.701593293,194,0,80690,0.2
50,1,0,2,5,0.656926052,225,0,50970,0.3
30,1,1,2,8,0.093364732,192,1,32182,0.3
31,1,0,1,5,0.512793952,159,0,64659,0.1
57,1,2,4,1,0.839533762,249,1,39887,0.3
52,1,0,3,3,0.785054715,223,0,79419,0.2
45,1,1,2,8,0.490651262,189,1,41908,0.3
56,0,1,4,1,0.988512149,234,1,68137,0.1
56,1,3,0,4,0.483386191,199,0,52386,0.3
55,1,1,2,5,0.700065973,243,0,60907,0.1
47,0,3,0,10,0.819348376,227,0,43501,0.3
48,0,1,1,1,0.476253306,204,0,38228,0.3
54,1,1,3,4,0.797050621,233,0,56690,0.1
54,0,2,2,4,0.109497812,181,0,99206,0.2
32,0,1,4,6,0.808348298,229,0,63277,0.1
50,1,2,2,4,0.541751346,184,1,47899,0.3
28,1,4,2,4,0.280592195,221,1,45710,0.3
48,0,3,4,4,0.569799344,153,0,62429,0.1
55,1,1,0,1,0.490076044,237,0,46051,0.3
46,1,2,4,2,0.066528466,233,0,98551,0.2
42,1,4,0,6,0.359238058,232,0,98112,0.2
47,1,0,1,10,0.174397862,150,1,83328,0.2
27,0,1,0,8,0.03885377,205,1,78586,0.2
52,1,2,0,10,0.878065863,237,0,31475,0.3
33,1,3,4,5,0.639531829,215,1,50116,0.3
34,1,2,1,6,0.771080112,211,1,60563,0.1
48,0,3,0,9,0.316318757,230,0,63836,0.1
58,1,3,2,8,0.035145926,170,0,91437,0.2
47,0,1,3,1,0.125532091,220,1,85742,0.2
45,0,2,1,7,0.151117695,153,0,68187,0.1
27,1,3,2,5,0.601569123,189,0,90525,0.2
46,1,0,2,3,0.002844006,198,1,42539,0.3
35,1,1,1,4,0.859113871,195,1,97250,0.2
40,1,4,2,1,0.720477434,231,0,74148,0.1
38,0,2,1,6,0.125689019,183,1,87804,0.2
53,1,0,2,7,0.846598466,201,1,83172,0.2
48,1,4,2,4,0.159183199,169,1,66239,0.1
26,1,0,4,10,0.672588373,220,0,44727,0.3
53,1,4,4,10,0.09521665,162,1,48599,0.3
49,1,3,1,7,0.767578485,246,1,61890,0.1
39,1,2,0,10,0.087306921,205,0,34633,0.3
57,1,0,2,6,0.296521334,239,1,99566,0.2
32,0,4,0,4,0.075490028,221,1,31347,0.3
58,1,2,3,1,0.787504773,232,0,99991,0.2
30,1,1,3,8,0.896925125,204,1,82078,0.2
45,0,2,2,2,0.826019852,227,1,72752,0.1
59,1,1,3,7,0.320096527,249,1,99584,0.2
53,0,2,3,2,0.839469355,234,0,34172,0.3
59,1,2,3,8,0.332367261,156,1,66406,0.1
57,1,1,0,5,0.844480442,219,1,41439,0.3
54,0,2,2,1,0.301450121,217,1,56769,0.1
44,0,4,2,3,0.579603233,222,0,43791,0.3
38,1,2,1,3,0.968685167,232,0,94306,0.2
47,1,1,2,8,0.330087177,162,1,93791,0.2
38,1,3,2,5,0.576809546,184,1,51349,0.3
28,1,4,4,2,0.831065241,195,1,31015,0.3
48,0,1,2,9,0.677127107,151,1,64407,0.1
51,1,1,4,6,0.010444816,168,1,35667,0.3
39,1,2,4,8,0.864531396,186,1,54380,0.1
28,1,4,0,7,0.275060305,230,1,99002,0.2
49,0,0,0,8,0.228957964,161,1,53633,0.1
31,1,1,1,1,0.298931623,203,0,75599,0.1
48,0,0,4,6,0.051787528,194,1,54308,0.1
30,0,0,3,9,0.023951118,185,0,65562,0.1
45,0,0,0,6,0.620252328,194,0,85262,0.2
35,0,1,2,8,0.87076828,174,1,68662,0.1
38,0,4,1,10,0.429939848,195,1,90263,0.2
49,1,0,3,7,0.690460235,198,1,57042,0.1
48,0,2,4,7,0.252085071,232,0,48220,0.3
49,0,4,1,3,0.803646431,175,0,58523,0.1
58,1,1,1,5,0.509791343,169,0,42706,0.3
58,0,4,3,8,0.485516383,214,1,55141,0.1
27,0,0,2,1,0.365894397,169,1,89082,0.2
36,1,2,1,6,0.58051584,242,0,92977,0.2
43,0,0,2,4,0.563806634,246,1,85800,0.2
36,1,3,4,8,0.084718965,207,0,94151,0.2
41,1,4,2,2,0.134146355,235,0,64691,0.1
41,0,0,1,4,0.931662282,244,0,82011,0.2
40,0,0,2,1,0.505940274,223,0,38691,0.3
28,1,2,1,8,0.451984236,221,0,92597,0.2
57,0,3,3,4,0.87006302,173,1,60435,0.1
25,0,1,4,8,0.952585194,150,1,78199,0.2
39,1,1,0,10,0.475034618,176,1,82555,0.2
43,1,0,4,9,0.306575611,216,1,55788,0.1
44,1,4,3,1,0.53907975,242,1,56368,0.1
40,1,4,3,9,0.472708577,216,1,64692,0.1
48,1,4,1,4,0.193533224,170,1,35293,0.3
39,0,4,0,6,0.196444008,223,0,75657,0.1
57,0,1,1,3,0.383793192,204,0,72722,0.1
39,0,2,0,2,0.625676322,241,0,67201,0.1
25,1,4,2,3,0.510214644,183,1,97170,0.2
36,0,3,4,7,0.48053321,161,0,82856,0.2
35,1,3,1,1,0.636594234,241,0,81235,0.2
46,0,4,0,3,0.280482718,243,0,82067,0.2
45,1,3,1,3,0.614783403,194,1,55180,0.1
53,1,1,1,7,0.310822546,158,1,86198,0.2
54,1,4,1,8,0.93406122,240,1,56794,0.1
27,1,0,4,4,0.732572372,249,0,48121,0.3
56,0,3,4,10,0.064535542,229,1,40747,0.3
38,0,1,0,7,0.164170619,198,0,75386,0.1
29,1,0,1,6,0.414564177,221,1,91913,0.2
42,0,3,0,5,0.747357566,221,1,31326,0.3
45,0,2,2,9,0.634545817,173,0,75754,0.2
38,1,4,0,3,0.862332896,184,0,44713,0.3
50,1,0,2,9,0.963911098,210,0,64259,0.1
45,0,3,2,2,0.212839223,220,1,77108,0.2
50,1,4,2,5,0.478906402,200,1,33619,0.3
58,0,1,1,3,0.174370289,210,0,42027,0.3
45,0,3,4,7,0.741215079,222,0,91590,0.2
43,1,3,1,6,0.756427427,230,1,30957,0.3
36,1,0,1,3,0.897908211,213,0,37912,0.3
47,1,3,0,10,0.018643323,167,0,39839,0.3
52,0,2,2,4,0.584333193,163,0,44302,0.3
52,0,0,1,10,0.680915783,215,1,99586,0.2
43,1,0,1,10,0.151175626,173,1,93970,0.2
55,1,4,4,9,0.122046304,214,0,35486,0.3
52,0,1,1,7,0.567962272,202,1,69506,0.1
28,0,3,3,5,0.126945008,238,0,65409,0.1
30,0,3,2,7,0.934394062,239,1,76601,0.2
43,1,4,0,10,0.769652447,150,0,55574,0.1
48,0,0,0,1,0.125755319,230,1,69001,0.1
59,0,0,0,2,0.488505607,150,0,79792,0.2
52,0,4,0,5,0.999978646,159,0,34471,0.3
26,0,2,3,6,0.638045365,237,1,99672,0.2
25,0,3,3,5,0.038929118,160,0,44046,0.3
27,0,1,0,10,0.788923825,236,1,47473,0.3
39,0,2,1,6,0.552988676,235,1,37817,0.3
55,1,4,1,10,0.009008794,177,1,57216,0.1
29,1,1,3,9,0.472849733,182,0,47618,0.3
49,0,4,2,1,0.204107382,218,1,70487,0.1
52,0,3,4,4,0.954232845,229,1,51860,0.3
51,0,1,1,6,0.762521536,179,0,39963,0.3
41,1,3,3,7,0.990042563,160,1,30706,0.3
40,0,1,0,7,0.091727704,248,0,39629,0.3
33,0,3,3,9,0.105701655,160,0,99241,0.2
56,1,0,4,9,0.573106528,214,0,45288,0.3
25,1,0,4,10,0.970209711,165,1,36830,0.3
31,1,3,1,3,0.892459558,217,0,30532,0.3
34,1,2,3,9,0.644320084,203,0,81516,0.2
34,1,0,1,10,0.699379112,193,0,60560,0.1
59,1,0,1,10,0.257302482,183,1,72294,0.1
32,0,1,1,2,0.323088114,177,0,89446,0.2
47,1,0,1,1,0.27639336,186,1,80763,0.2
26,0,1,2,3,0.686780884,224,0,56859,0.1
44,1,1,1,4,0.297589286,167,1,66066,0.1
49,1,4,3,1,0.868744476,216,0,66121,0.1
33,1,3,4,9,0.988787196,238,0,69001,0.1
56,1,2,2,4,0.161430696,242,0,76668,0.2
48,1,0,0,5,0.656241879,167,0,65587,0.1
36,0,4,2,4,0.616643814,195,0,74143,0.1
59,0,1,0,1,0.672880568,208,1,56843,0.1
41,1,3,4,9,0.866549129,178,0,93351,0.2
53,1,3,1,3,0.517935082,214,1,77976,0.2
59,0,0,3,5,0.836553433,161,0,60095,0.1
31,1,3,2,8,0.35515976,192,0,71174,0.1
52,0,3,4,1,0.370352578,203,1,54532,0.1
46,0,3,3,9,0.039755378,173,0,56872,0.1
29,1,0,2,1,0.598053777,227,1,42438,0.3
56,1,1,1,10,0.404808504,199,0,32573,0.3
25,0,1,3,10,0.585254103,151,0,87104,0.2
44,0,4,0,1,0.379244494,202,1,58453,0.1
42,0,1,4,8,0.149305069,218,0,93571,0.2
29,1,0,4,3,0.593106347,154,0,96110,0.2
55,1,0,3,8,0.070821899,246,1,38584,0.3
33,1,0,4,2,0.244213076,243,0,91069,0.2
26,1,0,0,5,0.796222532,202,0,86923,0.2
42,1,3,0,3,0.880451252,176,1,56124,0.1
59,0,1,3,5,0.330605359,153,1,88048,0.2
44,0,3,4,6,0.417792342,192,1,83180,0.2
44,1,0,1,4,0.677653901,209,1,62614,0.1
42,1,4,0,1,0.159989028,161,0,58015,0.1
31,1,4,0,7,0.634524706,164,0,68402,0.1
27,1,0,2,4,0.536509498,183,0,42938,0.3
32,1,1,0,5,0.14968203,166,0,43063,0.3
25,0,3,0,3,0.598510754,225,0,56633,0.1
45,0,1,4,6,0.970035032,222,1,53466,0.1
39,0,4,0,5,0.350951287,222,0,51376,0.3
27,0,1,3,3,0.612113386,158,0,69170,0.1
41,1,1,3,9,0.557540517,179,0,53799,0.1
41,0,2,4,9,0.758000909,195,0,79181,0.2
35,0,0,0,10,0.169282622,195,0,49292,0.3
25,1,0,2,10,0.824455422,153,1,39132,0.3
34,0,0,0,5,0.196896576,239,0,66661,0.1
56,1,2,0,6,0.175641033,158,0,39619,0.3
37,1,1,2,10,0.183680846,242,0,68411,0.1
44,1,0,3,3,0.481055108,156,1,51776,0.3
52,0,1,3,2,0.717919107,189,0,69246,0.1
32,1,2,1,3,0.859516368,152,1,37525,0.3
55,1,3,4,7,0.897528286,192,0,70411,0.1
52,0,4,0,6,0.031570715,239,1,88770,0.2
44,1,1,4,5,0.838682401,191,0,43496,0.3
51,0,0,2,7,0.364887913,188,0,73232,0.1
55,0,1,2,8,0.707933132,248,1,90300,0.2
56,1,4,4,8,0.599452738,189,0,92026,0.2
47,1,1,0,9,0.62113263,223,0,64574,0.1
41,1,0,3,10,0.693284182,196,0,83462,0.2
42,1,0,4,6,0.565474889,171,1,56022,0.1
38,1,0,4,10,0.45437572,166,0,96098,0.2
40,0,4,4,10,0.288084652,221,0,85546,0.2
27,0,3,3,8,0.36338063,216,0,43922,0.3
37,1,4,3,3,0.811050031,198,1,94820,0.2
52,1,4,1,9,0.234304446,238,1,81927,0.2
29,1,0,1,10,0.9246216,169,1,96499,0.2
42,1,2,2,9,0.180799827,214,0,88567,0.2
50,1,3,0,2,0.540488894,228,0,70579,0.1
30,1,1,1,2,0.801582434,193,1,48580,0.3
27,1,4,4,7,0.081095021,155,0,31035,0.3
46,0,2,1,8,0.818835055,218,0,74975,0.1
44,1,0,2,4,0.795221732,168,1,56303,0.1
56,1,4,3,9,0.923870975,158,1,58783,0.1
39,1,4,0,1,0.114200319,200,0,62501,0.1
29,0,2,2,10,0.013153622,246,0,48533,0.3
34,1,2,4,5,0.418907368,188,0,49259,0.3
46,0,1,3,1,0.355288043,205,1,81226,0.2
26,0,3,4,3,0.382597613,222,1,88625,0.2
45,0,4,1,3,0.396221132,180,0,34457,0.3
44,1,3,2,6,0.862724131,174,1,68525,0.1
37,0,2,2,5,0.525819119,213,1,55540,0.1
35,0,2,4,9,0.719021172,213,1,81006,0.2
58,1,2,4,5,0.551242054,153,1,42453,0.3
38,1,3,0,4,0.141383163,226,0,49977,0.3
38,0,2,4,5,0.935913457,246,0,93085,0.2
49,0,2,2,10,0.800464168,235,0,55399,0.1
42,0,1,4,8,0.667708476,176,1,31816,0.3
33,0,3,3,7,0.465396816,240,1,52063,0.3
53,0,0,1,2,0.866895453,152,0,45784,0.3
46,1,4,4,6,0.412372104,228,0,87016,0.2
25,1,2,4,5,0.166763327,216,0,56757,0.1
28,1,0,4,5,0.368040156,242,0,52164,0.3
48,0,1,3,7,0.883098619,182,1,68280,0.1
25,0,2,4,2,0.082182531,190,0,74810,0.1
27,1,4,0,8,0.65775272,222,1,48299,0.3
33,0,1,4,9,0.906016975,228,1,80805,0.2
42,1,2,0,4,0.15176921,150,1,48126,0.3
46,0,3,0,7,0.624706472,215,0,80586,0.2
43,0,0,1,8,0.153005715,239,0,63040,0.1
42,1,3,0,8,0.417353175,187,0,84212,0.2
44,1,3,0,3,0.458105297,190,1,61487,0.1
44,1,1,3,5,0.271574824,184,0,39711,0.3
57,1,3,3,4,0.928593461,170,0,67074,0.1
46,1,3,0,9,0.604804746,187,1,62861,0.1
25,0,2,3,5,0.857127378,197,1,62320,0.1
49,0,3,4,5,0.004632557,241,0,31774,0.3
57,0,0,4,1,0.9172435,241,1,58386,0.1
33,0,0,2,9,0.132682425,157,1,96779,0.2
34,0,3,3,3,0.481520503,153,0,49699,0.3
45,0,4,1,8,0.623941647,237,0,37520,0.3
35,1,2,3,1,0.965296895,228,1,92364,0.2
36,0,4,3,1,0.305058887,211,0,60355,0.1
30,1,3,2,4,0.490226446,168,0,88814,0.2
41,0,1,1,1,0.008228127,240,0,77259,0.2
29,1,0,2,8,0.24785737,228,0,87516,0.2
27,1,4,1,2,0.026333428,241,0,57712,0.1
39,1,3,4,4,0.798144822,168,1,86404,0.2
56,0,1,4,1,0.756786003,152,1,69350,0.1
32,1,1,4,2,0.355787567,188,1,86611,0.2
30,1,2,0,2,0.764530472,180,0,94636,0.2
29,0,3,2,3,0.931075225,195,0,63884,0.1
40,0,4,2,7,0.936572828,202,0,84994,0.2
41,1,3,3,6,0.745372128,151,0,55417,0.1
29,1,4,2,5,0.678314475,233,0,66339,0.1
49,0,4,3,5,0.155559374,155,1,95332,0.2
45,0,3,3,2,0.354524237,175,0,83449,0.2
32,0,0,2,4,0.589243589,215,0,45156,0.3
58,0,3,4,10,0.549457383,228,1,32741,0.3
50,0,4,2,7,0.343759098,194,0,87163,0.2
58,0,2,4,3,0.664643662,209,0,66440,0.1
59,1,4,2,5,0.140693817,216,0,33042,0.3
39,0,1,0,5,0.52945156,214,0,67199,0.1
27,1,4,3,5,0.420951195,246,1,65798,0.1
50,1,3,4,8,0.518049583,192,1,51468,0.3
49,1,2,1,9,0.351508974,193,0,95529,0.2
35,0,1,4,7,0.001820289,182,1,53608,0.1
55,1,3,0,9,0.253072945,243,1,68459,0.1
36,0,4,1,8,0.464288922,169,0,35430,0.3
37,0,3,0,3,0.793357036,158,0,34234,0.3
45,0,3,3,4,0.674673161,173,0,47576,0.3
59,0,3,2,8,0.303287201,185,0,48379,0.3
54,1,3,2,6,0.883082769,192,1,90878,0.2
35,1,0,3,9,0.658299142,177,1,95330,0.2
35,0,0,1,7,0.213662889,249,1,92100,0.2
46,0,0,1,5,0.790314012,156,0,78569,0.2
58,0,0,0,10,0.352870275,207,0,81636,0.2
54,0,1,4,4,0.505488719,157,1,76669,0.2
47,0,0,1,1,0.949664462,198,1,59110,0.1
59,1,0,2,5,0.097375247,210,0,93794,0.2
36,0,2,1,1,0.790077703,221,1,39036,0.3
47,0,4,2,5,0.932449595,193,0,47301,0.3
47,1,0,3,2,0.992017936,186,1,31507,0.3
39,0,4,3,3,0.377434866,239,0,71403,0.1
52,1,2,2,3,0.647102487,206,0,64143,0.1
59,0,0,2,8,0.304381718,184,0,46958,1.1
34,0,3,4,6,0.010380902,177,1,88747,1.2
57,0,4,3,5,0.36262507,178,1,82510,1.2
44,1,4,1,1,0.234237059,180,0,57951,1.3
39,0,0,2,7,0.22719848,249,1,31886,1.1
57,1,3,0,9,0.822212073,242,0,40548,1.1
29,1,3,4,5,0.401192678,222,0,31340,1.1
45,0,4,0,5,0.523280176,154,1,99568,1.2
27,0,3,0,10,0.098598186,211,1,89409,1.2
32,0,2,2,9,0.653231102,191,0,63445,1.3
46,0,0,1,9,0.212239724,162,1,80913,1.2
58,1,3,2,3,0.614782623,194,1,85496,1.2
37,1,2,2,6,0.791576767,191,1,91627,1.2
28,0,0,2,10,0.354989952,203,1,91703,1.2
25,1,2,4,1,0.126003132,172,1,63757,1.3
36,0,4,4,6,0.637980114,154,0,84288,1.2
38,1,0,3,9,0.425000696,247,0,52658,1.3
55,1,4,3,7,0.990019696,162,0,33670,1.1
31,0,3,3,7,0.456473287,214,0,85764,1.2
51,0,0,1,3,0.283782326,226,1,87567,1.2
41,1,4,4,1,0.597697076,153,1,44786,1.1
32,0,3,3,5,0.792300187,217,0,34599,1.1
45,1,3,3,3,0.982855143,209,0,57428,1.3
37,0,1,0,8,0.750597549,233,1,34834,1.1
43,1,1,4,2,0.475460466,229,1,56938,1.3
42,1,1,4,6,0.812161252,249,1,62841,1.3
26,0,3,1,4,0.120784435,238,0,56230,1.3
28,0,1,2,10,0.908369403,196,1,30269,1.1
28,0,3,3,5,0.310568089,195,0,41737,1.1
50,1,1,4,8,0.753332416,214,1,89560,1.2
36,0,0,4,9,0.887494139,245,0,82313,1.2
28,1,3,2,8,0.349349456,202,1,91589,1.2
34,0,4,2,6,0.939906411,168,0,80456,1.2
31,1,1,0,8,0.074438418,225,1,50000,1.1
52,1,0,0,6,0.854745647,184,0,67588,1.3
35,1,3,0,4,0.712937273,190,1,99801,1.2
30,1,1,2,3,0.975979886,192,1,66952,1.3
47,0,2,0,5,0.398451764,153,1,97606,1.2
40,1,0,2,3,0.830181409,167,1,59532,1.3
44,0,1,4,8,0.711376183,163,1,64897,1.3
55,0,3,1,3,0.223828376,196,0,74424,1.3
54,0,4,3,10,0.488566207,158,1,63948,1.3
28,0,4,3,1,0.129181575,200,1,32082,1.1
38,0,1,2,5,0.341218534,225,1,76806,1.2
53,1,4,0,4,0.006573662,150,1,81919,1.2
49,0,4,2,7,0.704203647,187,0,93226,1.2
38,1,3,1,8,0.811996956,161,1,81389,1.2
31,1,0,1,6,0.877239554,182,0,99476,1.2
55,1,2,1,2,0.066899002,244,0,60676,1.3
35,1,3,1,1,0.261064426,154,1,51013,1.1
37,1,4,2,3,0.49288046,224,1,31553,1.1
37,0,2,3,1,0.019184254,201,0,65356,1.3
38,0,0,2,2,0.376890891,222,1,45532,1.1
48,0,1,1,4,0.751740979,239,1,98429,1.2
58,1,1,3,4,0.948521658,199,0,93166,1.2
42,1,3,1,3,0.039281269,207,0,40012,1.1
52,1,4,3,7,0.381121513,218,0,35031,1.1
34,0,1,0,9,0.687645876,165,1,61668,1.3
42,0,4,0,5,0.67670174,210,0,58508,1.3
28,0,4,2,9,0.692630965,201,0,62378,1.3
51,1,3,3,3,0.302363619,240,0,78603,1.2
36,1,0,0,5,0.956582198,238,1,50064,1.1
50,1,4,1,6,0.789897872,238,1,37833,1.1
28,0,0,2,6,0.564961576,190,1,86897,1.2
39,0,4,3,9,0.091087987,175,1,85229,1.2
48,1,4,1,5,0.693483211,241,1,57650,1.3
30,1,1,2,8,0.092173555,203,0,81499,1.2
58,1,3,4,4,0.691107912,181,0,36755,1.1
30,0,2,0,4,0.670189003,200,1,81470,1.2
34,0,1,1,7,0.955453059,243,1,40127,1.1
40,0,1,0,6,0.616090672,159,1,78348,1.2
53,0,0,3,6,0.848302481,211,1,94455,1.2
35,0,0,1,7,0.170586478,215,0,54977,1.3
28,1,0,3,7,0.636280598,167,0,54598,1.3
48,0,3,0,5,0.149961846,225,1,58653,1.3
52,0,0,0,5,0.298396957,187,1,53838,1.3
48,0,1,2,6,0.836430636,151,1,34808,1.1
46,1,2,4,4,0.023153869,200,0,88563,1.2
42,1,3,4,1,0.285806634,156,1,31256,1.1
35,0,2,3,6,0.539937392,165,0,43951,1.1
33,0,4,1,8,0.303869383,190,0,63891,1.3
57,0,1,4,3,0.776409319,162,0,94226,1.2
26,0,2,3,3,0.748194836,163,0,63395,1.3
32,0,1,3,6,0.275544556,236,0,65494,1.3
58,1,3,0,7,0.82957692,171,1,75352,1.3
43,0,3,4,6,0.305417445,156,0,78972,1.2
30,1,2,1,10,0.14071759,212,0,33221,1.1
34,0,4,2,10,0.163799548,215,1,73460,1.3
29,0,3,4,9,0.408217737,224,1,42799,1.1
48,1,0,4,3,0.527331426,200,1,44626,1.1
53,0,2,0,9,0.894421225,245,0,33232,1.1
44,0,0,0,9,0.924799727,169,0,60624,1.3
42,0,2,2,1,0.760276453,192,1,39672,1.1
49,1,0,0,4,0.847820314,168,0,40223,1.1
29,0,1,1,9,0.185212653,219,1,95558,1.2
46,1,4,2,9,0.037593619,171,0,81643,1.2
57,1,4,3,10,0.214894084,171,0,79587,1.2
26,0,4,0,5,0.415343982,169,1,83416,1.2
59,0,2,4,8,0.013714132,165,0,87098,1.2
32,0,1,3,1,0.948552354,242,0,60286,1.3
39,0,3,1,2,0.009966415,217,1,80791,1.2
26,0,4,3,6,0.306667869,228,1,91402,1.2
42,0,1,1,4,0.028609128,185,0,54559,1.3
50,0,1,0,7,0.547246602,231,0,32849,1.1
58,1,0,2,6,0.760693109,169,0,78975,1.2
54,0,3,4,4,0.969533139,212,0,66740,1.3
42,0,0,0,1,0.177043751,202,1,73275,1.3
41,1,2,4,6,0.780349681,172,1,80830,1.2
55,1,3,2,9,0.8737839,188,0,53625,1.3
37,0,0,4,5,0.92528813,229,1,54878,1.3
51,1,3,1,5,0.65194475,224,1,56322,1.3
44,0,4,1,4,0.835613505,150,1,99851,1.2
53,0,4,4,9,0.725742445,202,0,88135,1.2
32,0,1,1,2,0.704942601,150,1,43102,1.1
39,1,1,1,6,0.124088317,166,0,61580,1.3
25,1,2,0,2,0.388486643,206,1,96349,1.2
57,0,4,3,5,0.735124074,158,0,84618,1.2
27,0,2,2,10,0.42483874,236,1,68773,1.3
42,0,0,2,6,0.924692498,204,1,66915,1.3
55,1,0,0,2,0.277034258,220,1,34112,1.1
31,1,2,2,3,0.584793743,219,1,55075,1.3
58,1,3,2,10,0.632643796,202,0,31850,1.1
25,1,1,4,2,0.503170123,199,0,85996,1.2
55,1,1,3,8,0.78883245,151,1,32954,1.1
44,1,0,0,4,0.06580262,174,1,64213,1.3
27,0,2,0,9,0.461725058,159,0,88666,1.2
39,0,3,3,10,0.213050299,207,0,61200,1.3
51,1,4,0,6,0.832534313,195,0,38068,1.1
57,0,3,4,7,0.260267915,178,1,98610,1.2
55,1,0,2,3,0.602793411,181,1,86372,1.2
40,1,2,0,4,0.648640719,211,1,54636,1.3
39,1,2,2,2,0.167818955,185,0,35833,1.1
46,0,1,1,3,0.036900286,226,0,70714,1.3
56,1,1,1,9,0.908353378,163,0,48165,1.1
31,1,3,3,9,0.782837065,192,1,84159,1.2
57,0,3,0,10,0.224001975,206,1,64584,1.3
52,0,3,4,9,0.562989406,169,0,75176,1.3
41,0,2,1,4,0.538309656,226,1,57381,1.3
45,0,2,1,2,0.636661953,152,1,95571,1.2
55,1,1,2,2,0.276196631,215,0,46185,1.1
44,1,3,3,3,0.420557381,246,0,38604,1.1
30,1,0,1,8,0.176229307,155,1,85832,1.2
39,1,1,1,9,0.030829147,170,1,56461,1.3
46,1,2,4,8,0.245186456,151,0,81026,1.2
33,0,4,3,1,0.953462943,211,1,55051,1.3
45,0,2,3,10,0.433135217,239,1,46767,1.1
56,0,0,4,6,0.191075669,236,0,43261,1.1
56,1,2,4,5,0.842368543,185,1,93469,1.2
56,1,2,0,4,0.98186939,206,0,58220,1.3
57,1,0,3,1,0.006071685,154,0,92876,1.2
57,0,2,2,5,0.816141194,201,1,46434,1.1
37,1,2,3,2,0.383937579,228,0,39049,1.1
30,0,3,1,2,0.954563332,213,0,93674,1.2
28,1,3,3,9,0.962893846,248,0,87053,1.2
30,1,2,3,2,0.771609145,181,0,34512,1.1
27,0,3,3,4,0.286707201,238,0,59522,1.3
44,1,0,4,4,0.990595853,208,1,94735,1.2
42,1,2,3,2,0.907047913,152,1,58062,1.3
47,1,2,4,7,0.515589469,207,0,89157,1.2
27,0,2,1,3,0.50228121,164,1,79253,1.2
51,0,1,2,2,0.468690613,245,0,66868,1.3
52,1,2,1,10,0.904524711,178,0,42015,1.1
32,1,2,3,5,0.676272302,227,0,35610,1.1
32,0,0,0,1,0.621100159,216,0,31053,1.1
42,0,1,4,10,0.674080736,167,0,90843,1.2
37,0,4,0,6,0.215481445,195,0,51874,1.3
40,0,2,0,1,0.92068925,151,0,60973,1.3
41,1,4,0,9,0.751675826,157,0,92988,1.2
28,1,4,4,8,0.738817062,241,0,73737,1.3
25,1,2,2,2,0.392806596,153,0,34192,1.1
38,1,2,0,9,0.007919248,178,1,37243,1.1
32,0,1,0,7,0.070645109,196,0,78476,1.2
54,0,2,4,2,0.031009276,221,0,71440,1.3
49,0,4,4,7,0.457935994,207,1,46454,1.1
45,1,0,4,10,0.185862849,167,1,49610,1.1
34,1,1,1,1,0.926707291,160,1,41420,1.1
33,1,3,2,7,0.442220223,206,0,50645,1.1
55,0,2,1,2,0.137668766,192,1,45102,1.1
48,0,1,3,2,0.845870394,155,1,34447,1.1
43,0,2,1,9,0.104432199,234,0,70513,1.3
45,0,2,1,7,0.64048831,194,1,63571,1.3
49,1,2,1,1,0.83233889,200,0,44560,1.1
27,0,4,3,7,0.508683412,187,0,48784,1.1
32,0,3,4,8,0.960016347,168,1,31815,1.1
35,1,1,1,9,0.751954978,175,0,37004,1.1
41,1,4,0,6,0.085209465,247,0,81385,1.2
32,0,1,1,9,0.197638392,159,0,75317,1.3
54,1,3,1,10,0.915885182,166,1,69252,1.3
40,1,3,4,7,0.939384395,211,0,60839,1.3
58,1,3,1,2,0.43448102,209,1,58506,1.3
37,0,0,0,1,0.320991361,193,0,57200,1.3
51,0,4,2,3,0.345618,219,0,69582,1.3
29,0,1,3,8,0.261147019,220,1,89766,1.2
39,1,4,4,6,0.066086903,151,0,59173,1.3
58,1,2,3,6,0.355371527,158,0,32272,1.1
46,0,4,4,4,0.437326929,220,1,40220,1.1
50,0,3,1,2,0.949251772,214,0,37334,1.1
37,0,2,2,4,0.74932508,204,1,57260,1.3
42,1,3,4,7,0.212310722,179,0,83920,1.2
25,0,1,0,4,0.201148809,206,0,98845,1.2
57,0,0,2,2,0.748745607,157,0,81252,1.2
45,0,3,2,10,0.261308813,225,0,77244,1.2
47,0,4,1,2,0.429284562,215,1,58627,1.3
40,1,4,0,4,0.014901875,151,1,35798,1.1
27,1,3,1,1,0.723113293,215,0,47841,1.1
46,1,2,2,7,0.607599217,188,1,35265,1.1
45,1,3,0,10,0.459740728,155,0,99071,1.2
53,0,3,3,5,0.926643518,215,1,55071,1.3
44,0,3,1,10,0.521364391,155,0,31472,1.1
27,1,4,3,1,0.262309667,156,1,52874,1.3
51,0,2,0,5,0.903965268,170,0,91705,1.2
57,1,3,0,7,0.73079395,223,0,54467,1.3
45,1,0,3,5,0.112856568,195,1,66229,1.3
56,0,0,4,5,0.499296174,213,0,64140,1.3
57,1,0,0,2,0.481744236,161,0,60858,1.3
33,0,3,2,1,0.916461264,249,1,48447,1.1
41,1,4,4,4,0.72044774,222,1,34152,1.1
31,1,1,2,4,0.864419949,162,1,83201,1.2
29,0,4,1,9,0.892821174,229,0,47406,1.1
34,1,2,4,7,0.920530763,172,1,52122,1.3
41,0,0,0,3,0.949071156,226,1,96167,1.2
46,1,2,4,8,0.732035737,233,1,34983,1.1
30,0,2,2,9,0.824459911,182,1,67919,1.3
45,1,0,2,7,0.237707379,161,1,90686,1.2
59,1,2,4,9,0.678170743,237,0,69158,1.3
38,0,2,4,9,0.516334627,183,1,38395,1.1
34,1,2,0,2,0.209282144,194,0,80428,1.2
29,1,3,3,4,0.421282094,162,0,35568,1.1
31,1,4,0,3,0.231531007,233,0,63229,1.3
30,1,4,1,10,0.147255992,171,0,61098,1.3
42,0,1,3,6,0.736908443,233,1,32252,1.1
50,1,4,2,2,0.743998336,246,1,83793,1.2
37,0,2,0,9,0.607027408,152,0,93376,1.2
58,1,1,4,10,0.674834377,209,1,70785,1.3
25,1,1,4,3,0.054675974,180,0,44251,1.1
44,0,3,1,1,0.375639541,215,1,42122,1.1
49,0,2,0,8,0.074536686,190,1,32476,1.1
30,1,2,4,4,0.77320922,248,1,37819,1.1
54,0,3,1,10,0.83506439,165,1,93647,1.2
44,0,1,3,6,0.725835594,155,0,84642,1.2
33,1,1,1,6,0.324205818,211,1,81179,1.2
42,0,4,1,6,0.874805955,161,0,60684,1.3
30,0,0,2,3,0.330097053,203,1,36342,1.1
25,1,3,1,7,0.148517798,233,1,87748,1.2
43,0,4,4,7,0.77227378,204,0,52281,1.3
50,0,2,2,2,0.485217847,170,1,70312,1.3
32,0,2,2,1,0.43166451,178,0,87579,1.2
29,0,4,4,2,0.214189293,213,1,35273,1.1
37,1,1,0,9,0.85104898,202,0,53055,1.3
46,0,1,4,7,0.538700362,213,0,63425,1.3
49,0,4,4,1,0.270045914,215,1,67147,1.3
32,1,1,3,5,0.059864887,229,0,81642,1.2
47,0,2,2,5,0.290019227,182,0,33311,1.1
52,1,3,0,2,0.696062867,164,1,38735,1.1
59,1,2,3,8,0.424452144,232,0,43794,1.1
53,1,2,4,1,0.535859059,177,0,73721,1.3
30,0,0,2,10,0.398685266,164,1,68051,1.3
52,0,2,1,8,0.655707496,160,0,69512,1.3
34,1,1,3,3,0.234955375,238,0,37456,1.1
28,0,3,4,4,0.962189509,166,0,66268,1.3
55,0,0,2,1,0.200789302,170,1,85073,1.2
40,1,3,0,1,0.804374129,219,0,44704,1.1
47,0,2,0,7,0.889044673,211,0,94130,1.2
26,0,4,1,7,0.10768654,245,0,66024,1.3
50,0,0,2,1,0.361342218,227,0,91504,1.2
56,0,2,3,7,0.356741939,189,1,94294,1.2
42,0,2,1,1,0.670146756,235,0,89725,1.2
58,1,4,2,2,0.332114794,217,0,31435,1.1
47,1,4,2,7,0.426779271,186,0,93028,1.2
47,1,2,2,4,0.22210474,202,1,48251,1.1
32,0,2,3,7,0.852608857,152,0,77213,1.2
26,1,3,0,5,0.973169542,178,0,83381,1.2
33,0,1,1,8,0.259386969,232,0,42945,1.1
40,0,0,0,7,0.562698514,172,0,75542,1.3
56,0,0,2,10,0.069233112,156,1,67058,1.3
56,1,3,4,4,0.192080155,229,1,53211,1.3
39,1,2,1,4,0.904822503,223,0,96208,1.2
36,0,4,0,10,0.47827649,205,1,68372,1.3
55,0,3,4,2,0.020721055,222,0,62728,1.3
40,0,3,0,6,0.654993387,226,0,59461,1.3
38,1,3,0,8,0.475648583,223,1,38343,1.1
42,0,1,0,7,0.11351919,232,1,94611,1.2
38,1,1,2,6,0.39404943,240,1,67607,1.3
32,0,3,1,8,0.400710231,216,0,46446,1.1
52,1,1,4,9,0.215895847,245,1,38896,1.1
48,0,2,0,10,0.527860204,178,1,92936,1.2
42,1,3,3,5,0.52661781,185,0,46249,1.1
29,1,1,0,2,0.17680844,223,1,35813,1.1
51,1,2,4,1,0.684844015,161,1,97101,1.2
52,0,1,2,2,0.950095006,228,0,90009,1.2
46,1,1,4,3,0.812308785,245,0,45968,1.1
34,1,4,3,10,0.436090295,212,1,32193,1.1
30,1,1,3,10,0.147602908,227,0,96568,1.2
36,1,3,3,3,0.486983197,175,0,80787,1.2
30,0,1,4,2,0.021371876,183,0,47600,1.1
46,1,2,1,7,0.123713003,180,1,35529,1.1
49,1,3,1,9,0.862712643,228,0,51575,1.1
41,1,1,2,7,0.956920648,186,1,71559,1.3
43,0,2,1,7,0.061407977,168,0,87535,1.2
25,1,0,1,4,0.221681562,207,1,67056,1.3
47,0,4,1,6,0.956652443,223,1,35721,1.1
44,0,1,3,2,0.186519155,230,1,51316,1.1
48,1,2,2,3,0.085495756,248,0,35963,1.1
56,0,2,2,3,0.346600014,249,0,37800,1.1
55,1,3,2,6,0.432298486,248,1,32960,1.1
59,1,4,0,4,0.857036676,196,1,65864,1.3
54,0,0,3,3,0.22819299,241,1,38981,1.1
50,0,4,3,8,0.323767955,150,1,87741,1.2
56,0,4,4,6,0.107232418,175,1,75531,1.3
26,1,3,0,7,0.804685721,191,0,46324,1.1
34,0,0,4,1,0.813048695,230,0,48196,1.1
33,1,3,3,9,0.266232416,228,0,50262,1.1
54,1,3,2,9,0.209125151,165,0,76960,1.2
49,0,3,4,10,0.315490001,216,0,90788,1.2
42,1,4,4,9,0.453355554,203,1,68415,1.3
44,1,1,0,8,0.261794339,193,0,37796,1.1
40,1,2,3,2,0.983323994,170,1,37291,1.1
59,1,3,1,7,0.400861908,155,1,52160,1.3
50,0,1,2,3,0.786233738,216,1,53097,1.3
52,0,1,1,2,0.101332747,226,0,58666,1.3
32,0,1,2,8,0.328777091,173,1,93766,1.2
57,1,2,3,8,0.636162406,183,0,55216,1.3
37,0,4,4,4,0.630003172,221,1,52385,1.3
44,1,0,1,5,0.17842141,228,1,53084,1.3
44,0,2,4,3,0.387397361,217,1,58556,1.3
57,1,3,1,4,0.743868085,157,1,64696,1.3
48,1,1,0,2,0.075231496,163,1,97670,1.2
52,0,0,0,3,0.155503386,175,0,78446,1.2
29,1,2,4,2,0.74380972,150,0,69135,1.3
54,0,1,1,6,0.105954405,225,0,35597,1.1
48,1,2,1,9,0.201635578,214,0,52845,1.3
37,0,4,1,1,0.209787958,248,1,96848,1.2
38,0,3,2,5,0.621611337,154,0,98956,1.2
54,1,3,3,8,0.243677231,187,0,42217,1.1
57,1,4,1,10,0.961493733,170,1,64197,1.3
37,1,0,0,10,0.999977272,157,0,86167,1.2
41,1,2,4,5,0.284980442,233,0,50319,1.1
47,0,1,4,1,0.321938878,184,1,98703,1.2
30,1,2,4,6,0.98440719,245,0,87689,1.2
48,1,0,2,4,0.980698792,238,0,63365,1.3
46,0,3,0,3,0.322416484,239,1,39883,1.1
45,1,2,2,4,0.762460339,201,0,81628,1.2
38,0,4,0,10,0.228343736,213,1,72043,1.3
49,1,4,0,8,0.786665017,155,1,37113,1.1
41,1,0,1,5,0.572736815,218,1,74360,1.3
41,1,3,1,4,0.489846259,168,1,48258,1.1
58,1,2,4,1,0.766323019,178,1,78851,1.2
46,0,0,1,1,0.068393738,169,1,49134,1.1
28,1,0,2,2,0.019367479,177,1,88384,1.2
36,1,2,0,5,0.77028011,173,0,65839,1.3
31,1,1,3,6,0.465524653,240,0,66024,1.3
51,1,4,1,4,0.645547731,190,1,61327,1.3
41,0,3,0,7,0.458786167,169,1,76520,1.2
51,1,4,4,10,0.433942387,165,0,59104,1.3
50,0,4,0,5,0.510583578,173,1,94861,1.2
53,1,4,0,7,0.50586135,239,1,99361,1.2
33,0,2,0,7,0.153741131,218,1,52248,1.3
30,1,3,0,7,0.394210571,152,0,66677,1.3
28,1,4,2,5,0.458463816,156,0,42179,1.1
31,0,1,1,10,0.891639117,181,1,40362,1.1
55,0,0,4,3,0.10505132,242,0,38104,1.1
54,0,3,4,7,0.020839634,247,0,46263,1.1
34,1,4,0,10,0.21668314,181,0,85641,1.2
41,0,1,3,5,0.157674925,184,0,54831,1.3
40,1,0,2,5,0.217435189,187,0,50096,1.1
28,1,3,4,4,0.103628848,159,0,86012,1.2
43,0,0,4,2,0.012708325,210,0,42585,1.1
45,0,4,4,8,0.969643225,235,0,60146,1.3
52,0,0,0,6,0.048641405,248,1,72136,1.3
36,1,4,4,5,0.80380238,211,1,85195,1.2
26,0,4,4,8,0.649511302,161,0,68549,1.3
49,1,2,3,10,0.54988736,210,0,37574,1.1
40,1,4,1,10,0.810484262,240,0,57209,1.3
28,0,0,1,9,0.215160242,193,0,84814,1.2
56,0,2,0,6,0.022037789,246,0,63416,1.3
39,0,2,3,10,0.650614769,172,0,80189,1.2
53,0,0,1,9,0.209882689,216,0,67793,1.3
32,1,2,2,10,0.47163017,163,0,60017,1.3
45,1,1,1,10,0.701104272,229,1,97497,1.2
26,0,2,4,4,0.107582293,227,1,80647,1.2
58,1,1,3,7,0.300470191,152,1,36566,1.1
57,1,4,2,5,0.87215575,202,1,74675,1.3
31,1,1,1,7,0.947690105,243,0,33757,1.1
33,1,3,2,5,0.617052732,205,0,30394,1.1
54,0,1,3,6,0.878825549,152,0,51522,1.1
41,0,3,1,5,0.132194483,230,0,80031,1.2
45,1,0,1,2,0.056287137,221,1,59666,1.3
34,1,1,0,2,0.796525585,233,0,96750,1.2
49,1,4,1,8,0.376265865,217,0,38406,1.1
40,0,1,0,8,0.410527879,241,0,63301,1.3
49,1,3,0,7,0.287906521,241,0,75992,1.2
40,0,4,1,2,0.776138392,171,0,59859,1.3
53,0,1,4,6,0.556472544,167,1,75826,1.2
58,0,1,0,2,0.958490392,235,1,73092,1.3
29,0,1,1,7,0.871370889,210,1,41009,1.1
57,1,0,3,6,0.481337034,179,1,30194,1.1
41,1,4,3,9,0.69540388,169,1,41972,1.1
48,0,4,0,8,0.648193963,196,1,84317,1.2
45,1,2,3,8,0.725518222,163,0,98646,1.2
43,1,1,3,5,0.34672665,208,1,41035,1.1
40,0,1,3,6,0.516778832,165,1,50803,1.1
32,0,1,3,3,0.298168398,159,1,80233,1.2
39,1,4,4,8,0.920740421,232,0,76158,1.2
33,0,3,2,7,0.058956311,211,1,97965,1.2
44,0,2,1,8,0.633061744,242,0,79354,1.2
26,0,4,0,2,0.855430535,205,0,80344,1.2
45,0,4,0,4,0.286054495,206,0,60002,1.3
47,1,2,4,9,0.56279997,239,1,48501,1.1
50,0,3,3,10,0.220520889,222,1,30335,1.1
54,0,2,1,10,0.331184419,165,1,67747,1.3
26,1,3,0,3,0.676228761,176,1,30099,1.1
54,1,3,3,9,0.279233733,183,0,50875,1.1
56,1,1,3,2,0.651629124,189,1,94871,1.2
51,1,0,4,2,0.423766955,175,0,54704,1.3
36,1,0,4,5,0.008963533,248,1,89084,1.2
47,1,0,2,7,0.600524265,202,0,50516,1.1
59,1,1,2,7,0.222270507,229,1,95026,1.2
27,0,0,2,2,0.742148535,211,1,87852,1.2
39,0,1,4,7,0.713608466,221,0,82478,1.2
52,0,0,2,3,0.389179924,196,1,83804,1.2
27,0,3,3,6,0.597083287,228,0,76223,1.2
49,0,3,1,8,0.028507853,231,1,85150,1.2
54,0,2,3,1,0.79852072,214,1,75319,1.3
30,0,4,0,5,0.540560714,175,0,43997,1.1
39,0,3,4,10,0.053995768,152,1,48786,1.1
28,1,0,2,6,0.594125006,228,1,59352,1.3
38,1,2,0,10,0.76507464,210,1,37246,1.1
36,0,0,2,9,0.65980067,248,0,98348,1.2
43,0,4,3,6,0.818682128,230,0,43525,1.1
36,0,2,0,8,0.669549869,233,0,64524,1.3
27,1,1,2,3,0.101518307,196,0,99501,1.2
52,1,3,4,7,0.381502584,221,0,92350,1.2
36,1,3,2,6,0.111686159,242,0,95104,1.2
27,0,3,3,1,0.163091227,182,1,35209,1.1
30,0,4,4,7,0.615750809,207,0,75131,1.3
41,1,2,1,10,0.195345807,219,1,65682,1.3
27,0,4,2,7,0.672215377,243,1,65730,1.3
57,0,1,0,6,0.696133741,219,1,45592,1.1
50,1,1,4,7,0.914640283,239,0,60283,1.3
25,1,0,3,4,0.594634952,201,1,70805,1.3
30,1,3,2,7,0.218194139,222,0,55096,1.3
50,1,1,1,3,0.571187198,191,1,88532,1.2
45,1,3,3,1,0.057107639,155,1,49746,1.1
29,0,0,1,3,0.904200626,180,0,32574,1.1
39,0,2,0,6,0.66085675,198,0,86674,1.2
52,1,1,1,2,0.788765926,227,1,30359,1.1
33,0,1,1,5,0.61853516,204,1,42829,1.1
50,0,1,0,1,0.600746428,156,0,85323,1.2
31,0,4,4,8,0.749801316,165,0,57770,1.3
33,0,2,2,6,0.301521298,168,1,94407,1.2
32,0,3,3,6,0.628022512,208,1,70299,1.3
58,1,0,1,7,0.68234003,233,1,72993,1.3
33,1,2,2,2,0.853987208,241,1,88638,1.2
41,0,4,1,7,0.927422512,152,1,55651,1.3
35,0,0,4,7,0.098610297,183,1,74369,1.3
43,1,3,4,8,0.124973604,219,1,69749,1.3
46,0,3,2,3,0.376769002,235,0,76417,1.2
49,1,4,4,6,0.972221414,153,0,57893,1.3
44,1,1,0,8,0.407560756,188,1,77127,1.2
39,1,0,4,7,0.173623678,209,1,30262,1.1
39,0,1,0,9,0.732083278,202,1,69919,1.3
56,1,1,0,3,0.708585703,159,0,99423,1.2
27,0,1,0,4,0.446966767,212,0,81306,1.2
48,0,1,0,7,0.548457633,203,1,90845,1.2
51,1,3,3,8,0.086197667,249,0,44648,1.1
39,1,2,1,10,0.742843657,150,0,57973,1.3
59,0,2,4,9,0.325126815,180,1,85023,1.2
33,0,3,1,8,0.350241672,244,1,33648,1.1
34,1,0,4,5,0.277284849,165,0,64526,1.3
54,0,1,4,5,0.320043845,229,1,90433,1.2
41,0,2,3,6,0.004845569,234,1,46499,1.1
49,1,0,0,8,0.351306004,152,0,57886,1.3
50,1,3,4,4,0.527470049,167,1,30382,1.1
54,0,4,4,9,0.929052674,209,0,57795,1.3
27,0,1,3,8,0.334298048,185,1,82983,1.2
55,0,4,1,4,0.738881965,179,1,39382,1.1
53,1,3,3,9,0.621784231,195,0,67033,1.3
37,0,4,2,8,0.135303337,235,1,86929,1.2
30,1,3,0,5,0.921325692,164,0,79455,1.2
28,1,3,2,3,0.610472543,206,0,34442,1.1
29,0,1,2,3,0.697375203,216,1,59042,1.3
55,1,2,4,9,0.79612731,164,0,39553,1.1
52,0,1,0,1,0.439422403,242,0,53320,1.3
55,0,4,3,9,0.914192342,235,1,33077,1.1
27,1,2,2,2,0.716926597,173,0,32770,1.1
45,1,2,3,10,0.573717817,216,1,96585,1.2
45,0,3,4,8,0.09370428,194,0,85864,1.2
34,1,1,4,4,0.382003715,211,1,68139,1.3
51,0,0,1,8,0.718466302,210,1,32327,1.1
36,0,2,4,9,0.558511778,182,1,65638,1.3
47,1,0,0,2,0.889620757,243,0,78726,1.2
46,0,4,2,8,0.955094716,176,1,79044,1.2
50,1,2,0,1,0.431152132,154,0,30181,1.1
37,0,4,3,2,0.304812715,241,0,74383,1.3
59,1,1,3,1,0.940510124,159,0,73220,1.3
